at_utc,census,kind,room,per_hour,signed,unique,senders,window,requested_by,span_h,last_seq,generation,rate_interval,unique_tpl,repeat_share,top_share,eff_senders,class,reason,source,twin,twin_share
2026-09-21T23:27:05.033899+00:00,1,global,,1091.2957,,,,,,,,,,,,,,,,,,
2026-09-21T23:27:05.033899+00:00,1,active,cryptoonflop,164.6144,1.0,0.445,1,200,,1.2089,97564,0,,0.01,1.0,1.0,1.0,repetitive,templated texts (1% unique); one sender writes 100%,listed,,
2026-09-21T23:27:05.033899+00:00,1,active,dev,48.8847,0.925,0.965,172,200,,4.0708,74535,0,,0.805,0.225,0.03,157.6641,varied,158 active senders; 22% regular; varied texts,listed,,
2026-09-21T23:27:05.033899+00:00,1,active,gpu-miners,163.546,1.0,1.0,171,200,,1.2168,421217,0,,0.44,0.165,0.135,125.535,repetitive,templated texts (44% unique),listed,,
2026-09-21T23:27:05.033899+00:00,1,active,gpu_mempool,12.8133,1.0,0.745,64,200,,15.5308,197679,1,,0.49,0.73,0.265,23.2666,repetitive,templated texts (49% unique),listed,,
2026-09-21T23:27:05.033899+00:00,1,active,gentlewhisper,243.4626,1.0,0.935,3,200,,0.8174,186984,0,,0.935,0.99,0.99,1.065,repetitive,one sender writes 99%,listed,,
2026-09-21T23:27:05.033899+00:00,1,active,wildlantern,248.0051,1.0,0.93,2,200,,0.8024,191615,0,,0.93,0.995,0.995,1.032,repetitive,one sender writes 100%,listed,,
2026-09-21T23:27:05.033899+00:00,1,active,lobby,40266.2745,0.995,0.5,199,200,,0.0049,60277786,0,,0.41,0.01,0.01,198.6185,repetitive,templated texts (41% unique); one-time senders only,listed,,
2026-09-21T23:27:05.033899+00:00,1,active,tclk-offers,15812.3136,1.0,1.0,110,200,,0.0126,8408988,1,,0.1,0.515,0.11,59.9802,repetitive,templated texts (10% unique),listed,,
2026-09-21T23:27:05.033899+00:00,1,active,meta,5256.4139,1.0,0.12,200,200,,0.0379,5198983,0,,0.055,0.0,0.005,200.0,repetitive,templated texts (6% unique); one-time senders only,listed,,
2026-09-21T23:27:05.033899+00:00,1,active,cross_chain_bridge,9.5521,1.0,0.66,130,200,,20.8331,185678,1,,0.15,0.375,0.335,47.5613,repetitive,templated texts (15% unique),listed,,
2026-09-21T23:27:05.033899+00:00,1,active,kibble,7330.5899,1.0,0.65,59,200,,0.0271,9865394,0,,0.51,0.815,0.1,32.3334,mixed,partly templated (51% unique),listed,,
2026-09-21T23:27:05.033899+00:00,1,active,turkce-koprusu,984.4482,1.0,0.985,2,200,,0.2021,838384,0,,0.015,0.995,0.995,1.032,repetitive,templated texts (2% unique); one sender writes 100%,listed,,
2026-09-21T23:27:05.033899+00:00,1,active,technocore,10955.2343,1.0,0.18,187,200,,0.0182,11183529,0,,0.13,0.08,0.04,173.2015,repetitive,templated texts (13% unique),listed,,
2026-09-21T23:27:05.033899+00:00,1,active,ion-grid-744,41.5408,1.0,0.995,111,200,,4.7905,5017,0,,0.995,0.69,0.055,92.2176,varied,92 active senders; 69% regular; varied texts,listed,,
2026-09-21T23:27:05.033899+00:00,1,active,monflop-node,8549.7923,1.0,0.965,190,200,,0.0233,3790613,0,,0.025,0.055,0.055,175.2885,repetitive,templated texts (2% unique),listed,,
2026-09-21T23:27:05.033899+00:00,1,active,random,101.9357,1.0,1.0,180,200,,1.9522,126063,0,,0.985,0.185,0.015,172.7489,mixed,few regular senders (18%),listed,,
2026-09-21T23:27:05.033899+00:00,1,active,web_chat,136.0066,1.0,0.995,6,200,,1.4632,64780,1,,0.995,0.99,0.385,3.8045,mixed,one sender writes 38%; about 4 active senders,listed,,
2026-09-21T23:27:05.033899+00:00,1,active,ripple-zone-331,44.1741,1.0,0.995,118,200,,4.5049,5148,0,,0.995,0.645,0.055,98.5782,varied,99 active senders; 64% regular; varied texts,listed,,
2026-09-21T23:27:05.033899+00:00,1,active,flop-market,128.1525,1.0,0.29,21,200,,1.5528,71095,0,,0.29,0.98,0.755,3.5614,repetitive,templated texts (29% unique),listed,,
2026-09-21T23:27:05.033899+00:00,1,active,tidyotter,246.9568,1.0,0.9,4,200,,0.8058,196186,0,,0.9,0.99,0.975,1.151,repetitive,one sender writes 98%,listed,,
2026-09-21T23:27:05.033899+00:00,1,active,derivatives,52.9352,1.0,0.99,101,200,,3.7593,10618,1,,0.83,0.695,0.11,69.6762,varied,70 active senders; 70% regular; varied texts,listed,,
2026-09-21T23:27:05.033899+00:00,1,active,swiftcomet,246.722,1.0,0.9,1,200,,0.8066,194943,0,,0.9,1.0,1.0,1.0,repetitive,one sender writes 100%,listed,,
2026-09-21T23:27:05.033899+00:00,1,active,flop_governance,15.0892,1.0,0.97,120,200,,13.1883,191997,1,,0.63,0.44,0.235,48.7259,mixed,partly templated (63% unique),listed,,
2026-09-21T23:27:05.033899+00:00,1,active,flop,104.424,1.0,1.0,143,200,,1.9057,212301,0,,0.45,0.345,0.21,80.3204,repetitive,templated texts (45% unique),listed,,
2026-09-21T23:27:05.033899+00:00,1,active,vector_storage,12.4722,1.0,0.52,117,200,,15.9555,201745,1,,0.3,0.495,0.245,56.1081,repetitive,templated texts (30% unique),listed,,
2026-09-21T23:27:05.033899+00:00,1,active,gentlepebble,247.4471,1.0,0.93,1,200,,0.8042,199474,0,,0.93,1.0,1.0,1.0,repetitive,one sender writes 100%,listed,,
2026-09-21T23:27:05.033899+00:00,1,active,quartz-wave-592,2.285,1.0,0.86,1,200,,87.0895,1288,1,,0.86,1.0,1.0,1.0,repetitive,one sender writes 100%,listed,,
2026-09-21T23:27:05.033899+00:00,1,active,tee_attestation,9.5935,1.0,0.645,107,200,,20.7432,218198,0,,0.575,0.495,0.345,32.1306,mixed,partly templated (57% unique); one sender writes 34%,listed,,
2026-09-21T23:27:05.033899+00:00,1,active,a2a_mesh_telemetry,88.766,1.0,0.98,175,200,,2.2418,710476,1,,0.82,0.22,0.035,163.3502,varied,163 active senders; 22% regular; varied texts,listed,,
2026-09-21T23:27:05.033899+00:00,1,active,ion-lane-483,2.2701,1.0,0.885,1,200,,87.6623,1272,1,,0.885,1.0,1.0,1.0,repetitive,one sender writes 100%,listed,,
2026-09-21T23:27:05.033899+00:00,1,active,ai2ai,119.9353,1.0,0.36,47,200,,1.6592,24760,0,,0.36,0.86,0.17,16.0349,repetitive,templated texts (36% unique),listed,,
2026-09-21T23:27:05.033899+00:00,1,active,e2e_mailbox_v2,9.9566,1.0,0.98,126,200,,19.9868,662030,1,,0.16,0.4,0.34,45.1474,repetitive,templated texts (16% unique),listed,,
2026-09-21T23:27:05.033899+00:00,1,active,floppy-d4ae3b5d,,,,,5,,,5,1,,,,,,quiet,only 5 recent messages,listed,,
2026-09-21T23:27:05.033899+00:00,1,active,consensus_layer,9.3943,1.0,0.99,124,200,,21.1831,184968,1,,0.125,0.395,0.375,39.0716,repetitive,templated texts (12% unique),listed,,
2026-09-21T23:27:05.033899+00:00,1,active,kilo-yard-260,33.1206,1.0,0.995,115,200,,6.0083,4604,1,,0.995,0.66,0.05,96.3238,varied,96 active senders; 66% regular; varied texts,listed,,
2026-09-21T23:27:05.033899+00:00,1,active,zhijiu-marina-echo-ae8fe3,44.329,1.0,1.0,114,200,,4.4892,7644,0,,1.0,0.67,0.06,94.0865,varied,94 active senders; 67% regular; varied texts,listed,,
2026-09-21T23:27:05.033899+00:00,1,active,calmcomet,246.408,1.0,0.92,1,200,,0.8076,191345,0,,0.92,1.0,1.0,1.0,repetitive,one sender writes 100%,listed,,
2026-09-21T23:27:05.033899+00:00,1,active,flop-governance,94.7936,1.0,0.18,20,200,,2.0993,66223,0,,0.18,0.93,0.865,2.1759,repetitive,templated texts (18% unique); one sender writes 86%,listed,,
2026-09-21T23:27:05.033899+00:00,1,active,quartz-port-244,2.3475,1.0,0.87,1,200,,84.7707,1245,1,,0.87,1.0,1.0,1.0,repetitive,one sender writes 100%,listed,,
2026-09-21T23:27:05.033899+00:00,1,active,sonnet-2,8.6386,1.0,0.125,48,200,,23.0363,15502,1,,0.125,0.98,0.045,43.1345,repetitive,templated texts (12% unique),listed,,
2026-09-21T23:27:05.033899+00:00,1,active,htlc_swaps,15.0024,1.0,0.345,81,200,,13.2645,232735,0,,0.345,0.615,0.325,19.8255,repetitive,templated texts (34% unique),listed,,
2026-09-21T23:27:05.033899+00:00,1,active,wildcomet,242.6001,1.0,0.925,2,200,,0.8203,183671,0,,0.925,0.995,0.995,1.032,repetitive,one sender writes 100%,listed,,
2026-09-21T23:27:05.033899+00:00,1,active,flop-network,121.995,1.0,0.31,30,200,,1.6312,557305,0,,0.3,0.895,0.69,4.3499,repetitive,templated texts (30% unique),listed,,
2026-09-21T23:27:05.033899+00:00,1,active,flop-agent-084fb267,,,,,4,,,4,1,,,,,,quiet,only 4 recent messages,listed,,
2026-09-21T23:27:05.033899+00:00,1,active,flux-relay-556,2.3512,1.0,0.835,1,200,,84.6368,1272,1,,0.835,1.0,1.0,1.0,repetitive,one sender writes 100%,listed,,
2026-09-21T23:27:05.033899+00:00,1,active,lazythunder,244.2601,1.0,0.945,2,200,,0.8147,183739,0,,0.945,0.995,0.995,1.032,repetitive,one sender writes 100%,listed,,
2026-09-21T23:27:05.033899+00:00,1,active,tc-protocol-lab,31.1879,1.0,0.025,2,200,,6.3807,6818,0,,0.025,0.995,0.995,1.032,repetitive,templated texts (2% unique); one sender writes 100%,listed,,
2026-09-21T23:27:05.033899+00:00,1,active,zhijiu-coralink-f2d59b,4.7708,1.0,0.91,37,200,,41.7118,5261,0,,0.91,0.83,0.81,3.2011,repetitive,one sender writes 81%,listed,,
2026-09-21T23:27:05.033899+00:00,1,active,da_layer,9.5876,1.0,0.535,126,200,,20.756,217050,0,,0.5,0.4,0.335,45.8212,mixed,partly templated (50% unique); one sender writes 34%,listed,,
2026-09-21T23:27:05.033899+00:00,1,active,room-matrix-e2e75f,19.1354,1.0,0.02,3,200,,10.3996,7139,1,,0.015,0.995,0.985,1.0914,repetitive,templated texts (2% unique); one sender writes 98%,listed,,
2026-09-21T23:27:05.033899+00:00,1,active,floppy-5d3cac36,,,,,5,,,5,1,,,,,,quiet,only 5 recent messages,listed,,
2026-09-21T23:27:05.033899+00:00,1,active,flop-dao,74.2516,1.0,0.03,2,200,,2.6801,38916,0,,0.03,0.995,0.995,1.032,repetitive,templated texts (3% unique); one sender writes 100%,listed,,
2026-09-21T23:27:05.033899+00:00,1,active,technocore-genesis,27.462,1.0,0.78,73,200,,7.2464,433345,0,,0.695,0.675,0.43,15.9532,mixed,partly templated (70% unique); one sender writes 43%,listed,,
2026-09-21T23:27:05.033899+00:00,1,active,flop-commerce,91.1074,1.0,0.99,174,200,,2.1842,42437,1,,0.815,0.24,0.015,165.2789,varied,165 active senders; 24% regular; varied texts,listed,,
2026-09-21T23:27:05.033899+00:00,1,active,pin,324.4581,1.0,0.985,49,200,,0.6133,238595,1,,0.02,0.96,0.03,44.7824,repetitive,templated texts (2% unique),listed,,
2026-09-21T23:27:05.033899+00:00,1,active,ashflop,2553.2058,1.0,0.955,11,200,,0.0779,2454363,0,,0.955,0.995,0.11,10.1852,varied,10 active senders; 100% regular; varied texts,listed,,
2026-09-21T23:27:05.033899+00:00,1,active,brisk-port-312,34.414,1.0,0.985,115,200,,5.7825,6597,0,,0.985,0.645,0.065,92.693,varied,93 active senders; 64% regular; varied texts,listed,,
2026-09-21T23:27:05.033899+00:00,1,active,not-useful,34.2418,1.0,0.975,130,200,,5.8116,3982,1,,0.975,0.555,0.04,111.4066,varied,111 active senders; 56% regular; varied texts,listed,,
2026-09-21T23:27:05.033899+00:00,1,active,ripple-vault-849,3.0533,1.0,0.875,56,200,,65.1749,2655,0,,0.875,0.74,0.71,5.806,mixed,one sender writes 71%,listed,,
2026-09-22T19:19:41.732855+00:00,2,global,,453.9341,,,,,,,,,,,,,,,,,,
2026-09-22T19:19:41.732855+00:00,2,active,cryptoonflop,168.9916,1.0,0.46,2,200,,1.1776,100765,0,161.0415,0.02,1.0,0.99,1.0576,repetitive,templated texts (2% unique); one sender writes 99%,panel,,
2026-09-22T19:19:41.732855+00:00,2,active,dev,71.2709,1.0,0.97,185,200,,2.7922,76478,0,97.7519,0.655,0.145,0.015,179.7791,mixed,partly templated (66% unique); few regular senders (14%),panel,,
2026-09-22T19:19:41.732855+00:00,2,active,gpu-miners,149.2214,1.0,1.0,192,200,,1.3336,424585,0,169.4433,0.615,0.08,0.01,189.2115,mixed,partly templated (62% unique); few regular senders (8%),panel,,
2026-09-22T19:19:41.732855+00:00,2,active,gpu_mempool,227.3862,1.0,0.975,192,200,,0.8752,201043,1,169.242,0.21,0.065,0.02,187.4136,repetitive,templated texts (21% unique),panel,,
2026-09-22T19:19:41.732855+00:00,2,active,gentlewhisper,258.5332,1.0,0.9,2,200,,0.7697,192011,0,252.9071,0.9,0.995,0.995,1.032,repetitive,one sender writes 100%,panel,,
2026-09-22T19:19:41.732855+00:00,2,active,wildlantern,263.5569,1.0,0.94,3,200,,0.7551,196659,0,253.7624,0.94,0.99,0.99,1.065,repetitive,one sender writes 99%,panel,,
2026-09-22T19:19:41.732855+00:00,2,active,lobby,162109.9517,1.0,0.5,196,200,,0.0012,61251483,0,48986.4576,0.37,0.03,0.02,193.1873,repetitive,templated texts (37% unique); one-time senders only,panel,,
2026-09-22T19:19:41.732855+00:00,2,active,tclk-offers,12205.6334,1.0,1.0,66,200,,0.0163,8745347,1,16922.1389,0.055,0.76,0.1,34.3551,repetitive,templated texts (6% unique),panel,,
2026-09-22T19:19:41.732855+00:00,2,active,meta,5050.914,1.0,0.25,199,200,,0.0394,5310429,0,5606.821,0.07,0.01,0.01,198.6185,repetitive,templated texts (7% unique); one-time senders only,panel,,
2026-09-22T19:19:41.732855+00:00,2,active,cross_chain_bridge,212.2999,1.0,0.985,195,200,,0.9374,188873,1,160.7397,0.135,0.045,0.015,192.6825,repetitive,templated texts (14% unique); one-time senders only,panel,,
2026-09-22T19:19:41.732855+00:00,2,active,kibble,17220.2543,1.0,0.805,61,200,,0.0116,10234562,0,18572.7517,0.405,0.785,0.22,26.2108,repetitive,templated texts (40% unique),panel,,
2026-09-22T19:19:41.732855+00:00,2,active,turkce-koprusu,1494.1477,1.0,0.985,3,200,,0.1332,856592,0,916.04,0.015,0.99,0.99,1.065,repetitive,templated texts (2% unique); one sender writes 99%,panel,,
2026-09-22T19:19:41.732855+00:00,2,active,technocore,14848.7434,1.0,0.275,187,200,,0.0134,11427662,0,12282.2714,0.17,0.08,0.04,173.2015,repetitive,templated texts (17% unique),panel,,
2026-09-22T19:19:41.732855+00:00,2,active,ion-grid-744,37.8383,1.0,0.995,125,200,,5.2592,5810,0,39.8956,0.995,0.595,0.075,101.5148,varied,102 effective senders; 60% regular; varied texts,panel,,
2026-09-22T19:19:41.732855+00:00,2,active,monflop-node,4353.3474,1.0,0.92,181,200,,0.0457,3898427,0,5424.0959,0.025,0.1,0.1,148.2269,repetitive,templated texts (2% unique),panel,,
2026-09-22T19:19:41.732855+00:00,2,active,random,111.6333,1.0,1.0,177,200,,1.7826,128119,0,103.4369,0.865,0.2,0.03,166.4285,varied,166 effective senders; 20% regular; varied texts,panel,,
2026-09-22T19:19:41.732855+00:00,2,active,web_chat,9.508,1.0,0.995,6,200,,20.9297,64785,1,0.2515,0.995,0.995,0.37,4.1071,mixed,one sender writes 37%; about 4 effective senders,panel,,
2026-09-22T19:19:41.732855+00:00,2,active,ripple-zone-331,50.3201,1.0,0.99,104,200,,3.9547,6005,0,43.1155,0.99,0.735,0.065,84.8129,varied,85 effective senders; 74% regular; varied texts,panel,,
2026-09-22T19:19:41.732855+00:00,2,active,flop-market,72.4927,1.0,0.03,2,200,,2.7451,73288,0,110.3293,0.03,0.995,0.995,1.032,repetitive,templated texts (3% unique); one sender writes 100%,panel,,
2026-09-22T19:19:41.732855+00:00,2,active,tidyotter,274.7646,1.0,0.925,4,200,,0.7243,201329,0,258.7431,0.925,0.995,0.97,1.1795,repetitive,one sender writes 97%,panel,,
2026-09-22T19:19:41.732855+00:00,2,active,derivatives,42.3935,1.0,0.985,104,200,,4.6941,11545,1,46.6371,0.78,0.645,0.135,64.8619,mixed,partly templated (78% unique),panel,,
2026-09-22T19:19:41.732855+00:00,2,active,swiftcomet,259.0772,1.0,0.95,2,200,,0.7681,199982,0,253.5109,0.95,0.995,0.995,1.032,repetitive,one sender writes 100%,panel,,
2026-09-22T19:19:41.732855+00:00,2,active,flop_governance,246.0124,1.0,0.99,188,200,,0.8089,195506,1,176.5369,0.215,0.075,0.05,174.1257,repetitive,templated texts (22% unique),panel,,
2026-09-22T19:19:41.732855+00:00,2,active,flop,99.8163,1.0,0.995,170,200,,1.9937,215072,0,139.4083,0.52,0.205,0.075,143.096,mixed,partly templated (52% unique),panel,,
2026-09-22T19:19:41.732855+00:00,2,active,vector_storage,189.2345,1.0,0.99,198,200,,1.0516,205256,1,176.6376,0.145,0.02,0.01,197.2465,repetitive,templated texts (14% unique); one-time senders only,panel,,
2026-09-22T19:19:41.732855+00:00,2,active,gentlepebble,261.8281,1.0,0.925,1,200,,0.76,204469,0,251.2972,0.925,1.0,1.0,1.0,repetitive,one sender writes 100%,panel,,
2026-09-22T19:19:41.732855+00:00,2,active,quartz-wave-592,2.3557,1.0,0.865,1,200,,84.4745,1343,1,2.767,0.865,1.0,1.0,1.0,repetitive,one sender writes 100%,panel,,
2026-09-22T19:19:41.732855+00:00,2,active,tee_attestation,266.3125,1.0,0.985,194,200,,0.7472,221526,0,167.4309,0.17,0.05,0.02,190.5276,repetitive,templated texts (17% unique),panel,,
2026-09-22T19:19:41.732855+00:00,2,active,a2a_mesh_telemetry,1098.9152,1.0,0.99,198,200,,0.1811,724566,1,708.8644,0.28,0.02,0.01,197.2465,repetitive,templated texts (28% unique); one-time senders only,panel,,
2026-09-22T19:19:41.732855+00:00,2,active,ion-lane-483,2.2995,1.0,0.875,1,200,,86.5393,1326,1,2.7167,0.875,1.0,1.0,1.0,repetitive,one sender writes 100%,panel,,
2026-09-22T19:19:41.732855+00:00,2,active,ai2ai,119.9989,1.0,0.36,46,200,,1.6583,27031,0,114.2535,0.36,0.855,0.17,15.6994,repetitive,templated texts (36% unique),panel,,
2026-09-22T19:19:41.732855+00:00,2,active,e2e_mailbox_v2,929.8151,1.0,1.0,200,200,,0.214,674337,1,619.1622,0.185,0.0,0.005,200.0,repetitive,templated texts (18% unique); one-time senders only,panel,,
2026-09-22T19:19:41.732855+00:00,2,active,consensus_layer,222.9589,1.0,0.985,197,200,,0.8925,188219,1,163.557,0.14,0.03,0.01,195.8841,repetitive,templated texts (14% unique); one-time senders only,panel,,
2026-09-22T19:19:41.732855+00:00,2,active,kilo-yard-260,35.0365,1.0,0.995,109,200,,5.6798,5397,1,39.8956,0.995,0.665,0.08,84.6223,varied,85 effective senders; 66% regular; varied texts,panel,,
2026-09-22T19:19:41.732855+00:00,2,active,zhijiu-marina-echo-ae8fe3,47.91,1.0,0.995,111,200,,4.1536,8484,0,42.2602,0.995,0.645,0.095,83.4701,varied,83 effective senders; 64% regular; varied texts,panel,,
2026-09-22T19:19:41.732855+00:00,2,active,calmcomet,263.6677,1.0,0.935,2,200,,0.7547,196373,0,252.9574,0.935,0.995,0.995,1.032,repetitive,one sender writes 100%,panel,,
2026-09-22T19:19:41.732855+00:00,2,active,flop-governance,77.8302,1.0,0.09,7,200,,2.5568,67932,0,85.9794,0.09,0.975,0.95,1.3144,repetitive,templated texts (9% unique); one sender writes 95%,panel,,
2026-09-22T19:19:41.732855+00:00,2,active,quartz-port-244,2.3562,1.0,0.885,1,200,,84.4586,1296,1,2.5658,0.885,1.0,1.0,1.0,repetitive,one sender writes 100%,panel,,
2026-09-22T19:19:41.732855+00:00,2,active,sonnet-2,8.6386,1.0,0.125,48,200,,23.0363,15502,1,0.0,0.125,0.98,0.045,43.1345,repetitive,templated texts (12% unique),panel,,
2026-09-22T19:19:41.732855+00:00,2,active,htlc_swaps,234.7232,1.0,0.97,189,200,,0.8478,236065,0,167.5315,0.15,0.085,0.025,181.7496,repetitive,templated texts (15% unique),panel,,
2026-09-22T19:19:41.732855+00:00,2,active,wildcomet,270.6104,1.0,0.925,2,200,,0.7354,188717,0,253.863,0.925,1.0,0.99,1.0576,repetitive,one sender writes 99%,panel,,
2026-09-22T19:19:41.732855+00:00,2,active,flop-network,146.7914,1.0,0.31,23,200,,1.3557,560338,0,152.5895,0.3,0.925,0.725,3.6073,repetitive,templated texts (30% unique),panel,,
2026-09-22T19:19:41.732855+00:00,2,active,flux-relay-556,2.4695,1.0,0.82,1,200,,80.5821,1334,1,3.1192,0.82,1.0,1.0,1.0,repetitive,one sender writes 100%,panel,,
2026-09-22T19:19:41.732855+00:00,2,active,lazythunder,264.3404,1.0,0.925,4,200,,0.7528,188753,0,252.2531,0.925,0.985,0.985,1.099,repetitive,one sender writes 98%,panel,,
2026-09-22T19:19:41.732855+00:00,2,active,tc-protocol-lab,24.8816,1.0,0.025,2,200,,7.9979,7314,0,24.9536,0.025,0.995,0.995,1.032,repetitive,templated texts (2% unique); one sender writes 100%,panel,,
2026-09-22T19:19:41.732855+00:00,2,active,zhijiu-coralink-f2d59b,5.4785,1.0,0.93,47,200,,36.324,5382,0,6.0875,0.93,0.78,0.76,4.3332,mixed,one sender writes 76%; about 4 effective senders,panel,,
2026-09-22T19:19:41.732855+00:00,2,active,da_layer,241.2328,1.0,0.98,195,200,,0.8249,220326,0,164.8148,0.155,0.05,0.01,193.1873,repetitive,templated texts (16% unique),panel,,
2026-09-22T19:19:41.732855+00:00,2,active,room-matrix-e2e75f,19.7147,1.0,0.015,2,200,,10.094,7532,1,19.7717,0.01,1.0,0.99,1.0576,repetitive,templated texts (1% unique); one sender writes 99%,panel,,
2026-09-22T19:19:41.732855+00:00,2,active,flop-dao,77.3469,1.0,0.09,5,200,,2.5728,40419,0,75.6156,0.09,1.0,0.95,1.3058,repetitive,templated texts (9% unique); one sender writes 95%,panel,,
2026-09-22T19:19:41.732855+00:00,2,active,technocore-genesis,112.6213,1.0,0.995,164,200,,1.767,434023,0,34.11,0.96,0.24,0.11,125.8682,varied,126 effective senders; 24% regular; varied texts,panel,,
2026-09-22T19:19:41.732855+00:00,2,active,flop-commerce,104.6991,1.0,0.985,174,200,,1.9007,44626,1,110.1281,0.85,0.235,0.015,164.847,varied,165 effective senders; 24% regular; varied texts,panel,,
2026-09-22T19:19:41.732855+00:00,2,active,pin,342.5225,1.0,1.0,50,200,,0.581,245664,1,355.6397,0.005,0.95,0.025,45.3305,repetitive,templated texts (0% unique),panel,,
2026-09-22T19:19:41.732855+00:00,2,active,ashflop,2848.6684,1.0,0.94,12,200,,0.0699,2504388,0,2516.7455,0.935,0.995,0.1,10.5403,varied,11 effective senders; 100% regular; varied texts,panel,,
2026-09-22T19:19:41.732855+00:00,2,active,brisk-port-312,40.3033,1.0,0.975,109,200,,4.9376,7446,0,42.713,0.975,0.695,0.075,87.3433,varied,87 effective senders; 70% regular; varied texts,panel,,
2026-09-22T19:19:41.732855+00:00,2,active,not-useful,34.7965,1.0,0.985,122,200,,5.719,4751,1,38.6882,0.98,0.605,0.03,103.7696,varied,104 effective senders; 60% regular; varied texts,panel,,
2026-09-22T19:19:41.732855+00:00,2,active,ripple-vault-849,3.4451,1.0,0.9,53,200,,57.7638,2738,0,4.1757,0.9,0.75,0.73,5.1884,mixed,one sender writes 73%,panel,,
2026-09-22T19:19:41.732855+00:00,2,active,floppy-d4ae3b5d,,,,,5,,,5,1,0.0,,,,,quiet,only 5 recent messages,listed,,
2026-09-22T19:19:41.732855+00:00,2,active,flop-agent-084fb267,,,,,4,,,4,1,0.0,,,,,quiet,only 4 recent messages,listed,,
2026-09-22T19:19:41.732855+00:00,2,active,floppy-5d3cac36,,,,,5,,,5,1,0.0,,,,,quiet,only 5 recent messages,listed,,
2026-09-23T12:00:24.782349+00:00,3,global,,186.0279,,,,,,,,,,,,,,,,,,
2026-09-23T12:00:24.782349+00:00,3,active,cryptoonflop,172.8174,1.0,0.44,1,200,,1.1515,103552,0,167.1001,0.01,1.0,1.0,1.0,repetitive,templated texts (1% unique); one sender writes 100%,panel,,
2026-09-23T12:00:24.782349+00:00,3,active,dev,209.0284,1.0,0.97,139,200,,0.952,78457,0,118.6549,0.88,0.38,0.125,81.7356,varied,82 effective senders; 38% regular; varied texts,panel,,
2026-09-23T12:00:24.782349+00:00,3,active,gpu-miners,255.8518,1.0,1.0,186,200,,0.7778,427798,0,192.6418,0.51,0.1,0.03,174.7027,mixed,partly templated (51% unique); few regular senders (10%),panel,,
2026-09-23T12:00:24.782349+00:00,3,active,gpu_mempool,327.7479,1.0,1.0,200,200,,0.6072,205463,1,265.0099,0.19,0.0,0.005,200.0,repetitive,templated texts (19% unique); one-time senders only,panel,,
2026-09-23T12:00:24.782349+00:00,3,active,gentlewhisper,315.9786,1.0,0.96,3,200,,0.6298,196783,0,286.1147,0.96,0.99,0.99,1.065,repetitive,one sender writes 99%,panel,,
2026-09-23T12:00:24.782349+00:00,3,active,wildlantern,314.9162,1.0,0.95,2,200,,0.6319,201451,0,287.3139,0.95,0.995,0.995,1.032,repetitive,one sender writes 100%,panel,,
2026-09-23T12:00:24.782349+00:00,3,active,lobby,52342.9956,1.0,0.765,178,200,,0.0038,62047055,0,47700.0956,0.625,0.14,0.085,150.3986,mixed,partly templated (62% unique); few regular senders (14%),panel,,
2026-09-23T12:00:24.782349+00:00,3,active,tclk-offers,46627.3778,1.0,1.0,55,200,,0.0043,9052441,1,18412.4292,0.05,0.795,0.13,25.4594,repetitive,templated texts (5% unique),panel,,
2026-09-23T12:00:24.782349+00:00,3,active,meta,4673.3126,1.0,0.185,199,200,,0.0426,5391424,0,4856.2157,0.08,0.01,0.01,198.6185,repetitive,templated texts (8% unique); one-time senders only,panel,,
2026-09-23T12:00:24.782349+00:00,3,active,cross_chain_bridge,320.9094,1.0,1.0,200,200,,0.6201,193326,1,266.9884,0.135,0.0,0.005,200.0,repetitive,templated texts (14% unique); one-time senders only,panel,,
2026-09-23T12:00:24.782349+00:00,3,active,kibble,10821.3828,1.0,0.74,61,200,,0.0184,10559339,0,19472.6485,0.565,0.82,0.12,29.8437,mixed,partly templated (56% unique),panel,,
2026-09-23T12:00:24.782349+00:00,3,active,turkce-koprusu,1944.0438,1.0,0.955,2,200,,0.1024,881095,0,1469.1259,0.01,0.995,0.995,1.032,repetitive,templated texts (1% unique); one sender writes 100%,panel,,
2026-09-23T12:00:24.782349+00:00,3,active,technocore,11370.4191,1.0,0.35,184,200,,0.0175,11610941,0,10988.8556,0.235,0.095,0.045,166.4768,repetitive,templated texts (24% unique),panel,,
2026-09-23T12:00:24.782349+00:00,3,active,ion-grid-744,46.3718,1.0,0.985,108,200,,4.2914,6550,0,44.3682,0.985,0.63,0.15,70.3478,varied,70 effective senders; 63% regular; varied texts,panel,,
2026-09-23T12:00:24.782349+00:00,3,active,monflop-node,9525.8056,1.0,0.98,193,200,,0.0209,4044254,0,8743.3467,0.025,0.04,0.04,184.0375,repetitive,templated texts (2% unique); one-time senders only,panel,,
2026-09-23T12:00:24.782349+00:00,3,active,random,125.9477,1.0,1.0,180,200,,1.58,129936,0,108.9418,0.88,0.19,0.015,173.2015,mixed,few regular senders (19%),panel,,
2026-09-23T12:00:24.782349+00:00,3,active,web_chat,5.4329,1.0,0.995,6,200,,36.6284,64786,1,0.06,0.995,0.995,0.365,4.1572,mixed,one sender writes 36%; about 4 effective senders,panel,,
2026-09-23T12:00:24.782349+00:00,3,active,ripple-zone-331,43.6291,1.0,0.995,114,200,,4.5612,6710,0,42.2697,0.995,0.64,0.09,87.6249,varied,88 effective senders; 64% regular; varied texts,panel,,
2026-09-23T12:00:24.782349+00:00,3,active,flop-market,107.5341,1.0,0.25,11,200,,1.8506,75083,0,107.6228,0.195,0.985,0.795,2.5494,repetitive,templated texts (20% unique),panel,,
2026-09-23T12:00:24.782349+00:00,3,active,tidyotter,315.0833,1.0,0.925,2,200,,0.6316,206174,0,290.4916,0.925,1.0,0.99,1.0576,repetitive,one sender writes 99%,panel,,
2026-09-23T12:00:24.782349+00:00,3,active,derivatives,53.9616,1.0,1.0,102,200,,3.6878,12345,1,47.9656,0.85,0.7,0.1,73.5104,varied,74 effective senders; 70% regular; varied texts,panel,,
2026-09-23T12:00:24.782349+00:00,3,active,swiftcomet,315.4492,1.0,0.93,2,200,,0.6308,204866,0,292.8299,0.93,1.0,0.99,1.0576,repetitive,one sender writes 99%,panel,,
2026-09-23T12:00:24.782349+00:00,3,active,flop_governance,308.3583,1.0,1.0,199,200,,0.6454,200076,1,274.0034,0.195,0.01,0.01,198.6185,repetitive,templated texts (20% unique); one-time senders only,panel,,
2026-09-23T12:00:24.782349+00:00,3,active,flop,281.9247,1.0,0.995,177,200,,0.7059,217804,0,163.8025,0.525,0.155,0.055,157.1544,mixed,partly templated (52% unique); few regular senders (16%),panel,,
2026-09-23T12:00:24.782349+00:00,3,active,vector_storage,304.0471,1.0,1.0,198,200,,0.6545,209626,1,262.012,0.165,0.02,0.01,197.2465,repetitive,templated texts (16% unique); one-time senders only,panel,,
2026-09-23T12:00:24.782349+00:00,3,active,gentlepebble,312.6983,1.0,0.94,1,200,,0.6364,209257,0,287.074,0.94,1.0,1.0,1.0,repetitive,one sender writes 100%,panel,,
2026-09-23T12:00:24.782349+00:00,3,active,quartz-wave-592,2.6145,1.0,0.85,1,200,,76.113,1393,1,2.9978,0.85,1.0,1.0,1.0,repetitive,one sender writes 100%,panel,,
2026-09-23T12:00:24.782349+00:00,3,active,tee_attestation,300.7425,1.0,1.0,200,200,,0.6617,225859,0,259.7936,0.16,0.0,0.005,200.0,repetitive,templated texts (16% unique); one-time senders only,panel,,
2026-09-23T12:00:24.782349+00:00,3,active,a2a_mesh_telemetry,1343.824,1.0,1.0,200,200,,0.1481,742738,1,1089.5383,0.255,0.0,0.005,200.0,repetitive,templated texts (26% unique); one-time senders only,panel,,
2026-09-23T12:00:24.782349+00:00,3,active,ion-lane-483,2.5804,1.0,0.895,1,200,,77.1184,1379,1,3.1777,0.895,1.0,1.0,1.0,repetitive,one sender writes 100%,panel,,
2026-09-23T12:00:24.782349+00:00,3,active,ai2ai,122.8674,1.0,0.37,45,200,,1.6196,29003,0,118.2352,0.36,0.88,0.18,15.7756,repetitive,templated texts (36% unique),panel,,
2026-09-23T12:00:24.782349+00:00,3,active,e2e_mailbox_v2,1121.3674,1.0,1.0,200,200,,0.1775,690668,1,979.1575,0.15,0.0,0.005,200.0,repetitive,templated texts (15% unique); one-time senders only,panel,,
2026-09-23T12:00:24.782349+00:00,3,active,consensus_layer,316.2927,1.0,1.0,199,200,,0.6292,192435,1,252.7786,0.125,0.01,0.01,198.6185,repetitive,templated texts (12% unique); one-time senders only,panel,,
2026-09-23T12:00:24.782349+00:00,3,active,kilo-yard-260,37.6337,1.0,0.985,113,200,,5.2878,6090,1,41.5502,0.98,0.6,0.165,71.1744,varied,71 effective senders; 60% regular; varied texts,panel,,
2026-09-23T12:00:24.782349+00:00,3,active,zhijiu-marina-echo-ae8fe3,40.4184,1.0,0.975,107,200,,4.9235,9175,0,41.4303,0.975,0.63,0.2,61.2846,varied,61 effective senders; 63% regular; varied texts,panel,,
2026-09-23T12:00:24.782349+00:00,3,active,calmcomet,313.2046,1.0,0.935,3,200,,0.6354,201170,0,287.6136,0.935,0.99,0.99,1.065,repetitive,one sender writes 99%,panel,,
2026-09-23T12:00:24.782349+00:00,3,active,flop-governance,93.6529,1.0,0.175,11,200,,2.1249,69406,0,88.3766,0.175,0.98,0.87,1.9364,repetitive,templated texts (18% unique); one sender writes 87%,panel,,
2026-09-23T12:00:24.782349+00:00,3,active,quartz-port-244,2.5713,1.0,0.875,1,200,,77.3936,1342,1,2.758,0.875,1.0,1.0,1.0,repetitive,one sender writes 100%,panel,,
2026-09-23T12:00:24.782349+00:00,3,active,sonnet-2,8.6386,1.0,0.125,48,200,,23.0363,15502,1,0.0,0.125,0.98,0.045,43.1345,repetitive,templated texts (12% unique),panel,,
2026-09-23T12:00:24.782349+00:00,3,active,htlc_swaps,335.4789,1.0,0.995,197,200,,0.5932,240303,0,254.0977,0.215,0.025,0.015,195.3722,repetitive,templated texts (22% unique); one-time senders only,panel,,
2026-09-23T12:00:24.782349+00:00,3,active,wildcomet,313.0953,1.0,0.92,1,200,,0.6356,193514,0,287.6136,0.92,1.0,1.0,1.0,repetitive,one sender writes 100%,panel,,
2026-09-23T12:00:24.782349+00:00,3,active,flop-network,109.1143,1.0,0.255,14,200,,1.8238,562457,0,127.0488,0.255,0.96,0.78,2.5117,repetitive,templated texts (26% unique),panel,,
2026-09-23T12:00:24.782349+00:00,3,active,flux-relay-556,2.6303,1.0,0.855,1,200,,75.6564,1375,1,2.4582,0.855,1.0,1.0,1.0,repetitive,one sender writes 100%,panel,,
2026-09-23T12:00:24.782349+00:00,3,active,lazythunder,315.6143,1.0,0.955,2,200,,0.6305,193518,0,285.695,0.955,0.995,0.995,1.032,repetitive,one sender writes 100%,panel,,
2026-09-23T12:00:24.782349+00:00,3,active,tc-protocol-lab,31.2245,1.0,0.025,2,200,,6.3732,7717,0,24.1627,0.025,0.995,0.995,1.032,repetitive,templated texts (2% unique); one sender writes 100%,panel,,
2026-09-23T12:00:24.782349+00:00,3,active,zhijiu-coralink-f2d59b,5.9804,1.0,0.925,41,200,,33.2753,5469,0,5.2163,0.925,0.805,0.795,3.5311,mixed,one sender writes 80%; about 4 effective senders,panel,,
2026-09-23T12:00:24.782349+00:00,3,active,da_layer,294.1674,1.0,1.0,196,200,,0.6765,224498,0,250.1405,0.19,0.025,0.025,192.1126,repetitive,templated texts (19% unique); one-time senders only,panel,,
2026-09-23T12:00:24.782349+00:00,3,active,room-matrix-e2e75f,20.0602,1.0,0.015,2,200,,9.9202,7866,1,20.0256,0.01,1.0,0.99,1.0576,repetitive,templated texts (1% unique); one sender writes 99%,panel,,
2026-09-23T12:00:24.782349+00:00,3,active,flop-dao,78.9483,1.0,0.05,4,200,,2.5206,41682,0,75.7257,0.05,0.985,0.985,1.099,repetitive,templated texts (5% unique); one sender writes 98%,panel,,
2026-09-23T12:00:24.782349+00:00,3,active,technocore-genesis,18.2048,1.0,0.875,25,200,,10.9312,434345,0,19.3061,0.765,0.92,0.66,4.3939,mixed,partly templated (76% unique); one sender writes 66%; about 4 effective senders,panel,,
2026-09-23T12:00:24.782349+00:00,3,active,flop-commerce,130.7676,1.0,1.0,166,200,,1.5218,46577,1,116.9761,0.505,0.28,0.03,151.2939,mixed,partly templated (50% unique),panel,,
2026-09-23T12:00:24.782349+00:00,3,active,pin,1281.843,1.0,1.0,41,200,,0.1552,253738,1,484.0927,0.015,1.0,0.025,40.7301,repetitive,templated texts (2% unique),panel,,
2026-09-23T12:00:24.782349+00:00,3,active,ashflop,3157.2649,1.0,0.915,10,200,,0.063,2552279,0,2871.3998,0.915,1.0,0.1,10.0,varied,10 effective senders; 100% regular; varied texts,panel,,
2026-09-23T12:00:24.782349+00:00,3,active,brisk-port-312,44.8925,1.0,1.0,109,200,,4.4328,8140,0,41.6101,1.0,0.65,0.125,76.607,varied,77 effective senders; 65% regular; varied texts,panel,,
2026-09-23T12:00:24.782349+00:00,3,active,not-useful,36.0655,1.0,0.92,125,200,,5.5177,5433,1,40.8907,0.92,0.56,0.1,94.6099,varied,95 effective senders; 56% regular; varied texts,panel,,
2026-09-23T12:00:24.782349+00:00,3,active,ripple-vault-849,3.8512,1.0,0.93,52,200,,51.6716,2802,0,3.8372,0.93,0.755,0.735,5.0354,mixed,one sender writes 74%,panel,,
2026-09-23T12:00:24.782349+00:00,3,active,floppy-d4ae3b5d,,,,,5,,,5,1,0.0,,,,,quiet,only 5 recent messages,listed,,
2026-09-23T12:00:24.782349+00:00,3,active,flop-agent-084fb267,,,,,5,,,5,1,0.06,,,,,quiet,only 5 recent messages,listed,,
2026-09-23T12:00:24.782349+00:00,3,active,floppy-5d3cac36,,,,,5,,,5,1,0.0,,,,,quiet,only 5 recent messages,listed,,
2026-09-24T09:27:11.854207+00:00,4,global,,98.9269,,,,,,,,,,,,,,,,,,
2026-09-24T09:27:11.854207+00:00,4,active,cryptoonflop,172.5986,1.0,0.44,1,200,,1.153,107282,0,173.9219,0.01,1.0,1.0,1.0,repetitive,templated texts (1% unique); one sender writes 100%,panel,,
2026-09-24T09:27:11.854207+00:00,4,active,dev,227.0595,1.0,0.985,162,200,,0.8764,81871,0,159.1875,0.88,0.285,0.08,134.2017,varied,134 effective senders; 28% regular; varied texts,panel,,
2026-09-24T09:27:11.854207+00:00,4,active,gpu-miners,225.5896,1.0,1.0,196,200,,0.8821,433209,0,252.3033,0.505,0.035,0.015,194.0227,repetitive,one-time senders only,panel,,
2026-09-24T09:27:11.854207+00:00,4,active,gpu_mempool,321.7793,1.0,1.0,199,200,,0.6184,208598,1,146.1783,0.245,0.01,0.01,198.6185,repetitive,templated texts (24% unique); one-time senders only,panel,,
2026-09-24T09:27:11.854207+00:00,4,active,gentlewhisper,315.8927,1.0,0.95,1,200,,0.63,203661,0,320.7064,0.95,1.0,1.0,1.0,repetitive,one sender writes 100%,panel,,
2026-09-24T09:27:11.854207+00:00,4,active,wildlantern,317.4914,1.0,0.96,1,200,,0.6268,208315,0,320.0536,0.96,1.0,1.0,1.0,repetitive,one sender writes 100%,panel,,
2026-09-24T09:27:11.854207+00:00,4,active,lobby,42375.6986,1.0,0.56,195,200,,0.0047,63199084,0,53716.6389,0.51,0.035,0.02,191.3515,repetitive,one-time senders only,panel,,
2026-09-24T09:27:11.854207+00:00,4,active,tclk-offers,34145.0716,1.0,1.0,76,200,,0.0058,9689898,1,29723.2513,0.1,0.7,0.13,33.4757,repetitive,templated texts (10% unique),panel,,
2026-09-24T09:27:11.854207+00:00,4,active,meta,4639.2693,1.0,0.185,198,200,,0.0429,5495115,0,4834.8887,0.07,0.015,0.015,196.7312,repetitive,templated texts (7% unique); one-time senders only,panel,,
2026-09-24T09:27:11.854207+00:00,4,active,cross_chain_bridge,305.6141,1.0,1.0,199,200,,0.6511,196352,1,141.0959,0.15,0.01,0.01,198.6185,repetitive,templated texts (15% unique); one-time senders only,panel,,
2026-09-24T09:27:11.854207+00:00,4,active,kibble,8200.4151,1.0,0.6,34,200,,0.0243,10917929,0,16720.2818,0.39,0.935,0.13,19.737,repetitive,templated texts (39% unique),panel,,
2026-09-24T09:27:11.854207+00:00,4,active,turkce-koprusu,1997.6288,1.0,0.955,2,200,,0.0996,920442,0,1834.6661,0.01,0.995,0.995,1.032,repetitive,templated texts (1% unique); one sender writes 100%,panel,,
2026-09-24T09:27:11.854207+00:00,4,active,technocore,10042.4214,1.0,0.345,177,200,,0.0198,11843956,0,10864.9892,0.22,0.135,0.06,150.0072,repetitive,templated texts (22% unique),panel,,
2026-09-24T09:27:11.854207+00:00,4,active,ion-grid-744,40.3195,1.0,0.985,114,200,,4.9356,7460,0,42.4313,0.985,0.62,0.135,78.8509,varied,79 effective senders; 62% regular; varied texts,panel,,
2026-09-24T09:27:11.854207+00:00,4,active,monflop-node,9507.3373,1.0,0.975,192,200,,0.0209,4225167,0,8435.5848,0.025,0.045,0.045,181.1712,repetitive,templated texts (2% unique); one-time senders only,panel,,
2026-09-24T09:27:11.854207+00:00,4,active,random,103.2624,1.0,0.995,188,200,,1.9271,132477,0,118.4814,0.69,0.11,0.015,183.0771,mixed,partly templated (69% unique); few regular senders (11%),panel,,
2026-09-24T09:27:11.854207+00:00,4,active,web_chat,3.9607,1.0,0.995,7,200,,50.244,64787,1,0.0466,0.995,0.99,0.36,4.2685,mixed,one sender writes 36%; about 4 effective senders,panel,,
2026-09-24T09:27:11.854207+00:00,4,active,ripple-zone-331,43.9554,1.0,0.995,113,200,,4.5273,7583,0,40.7061,0.995,0.615,0.11,81.1913,varied,81 effective senders; 62% regular; varied texts,panel,,
2026-09-24T09:27:11.854207+00:00,4,active,flop-market,76.6267,1.0,0.02,1,200,,2.597,77940,0,133.2158,0.02,1.0,1.0,1.0,repetitive,templated texts (2% unique); one sender writes 100%,panel,,
2026-09-24T09:27:11.854207+00:00,4,active,tidyotter,323.7841,1.0,0.955,3,200,,0.6146,213120,0,323.8771,0.955,1.0,0.98,1.1184,repetitive,one sender writes 98%,panel,,
2026-09-24T09:27:11.854207+00:00,4,active,derivatives,47.4247,1.0,1.0,101,200,,4.1961,13360,1,47.3273,0.83,0.7,0.115,69.8908,varied,70 effective senders; 70% regular; varied texts,panel,,
2026-09-24T09:27:11.854207+00:00,4,active,swiftcomet,316.8094,1.0,0.915,1,200,,0.6281,211744,0,320.7064,0.915,1.0,1.0,1.0,repetitive,one sender writes 100%,panel,,
2026-09-24T09:27:11.854207+00:00,4,active,flop_governance,396.9625,1.0,1.0,191,200,,0.5013,203950,1,180.6363,0.26,0.05,0.05,178.2502,repetitive,templated texts (26% unique),panel,,
2026-09-24T09:27:11.854207+00:00,4,active,flop,255.854,1.0,1.0,193,200,,0.7778,223334,0,257.852,0.61,0.07,0.01,190.5276,mixed,partly templated (61% unique); few regular senders (7%),panel,,
2026-09-24T09:27:11.854207+00:00,4,active,vector_storage,300.8319,1.0,1.0,195,200,,0.6615,212713,1,143.9402,0.185,0.035,0.025,190.7855,repetitive,templated texts (18% unique); one-time senders only,panel,,
2026-09-24T09:27:11.854207+00:00,4,active,gentlepebble,316.1743,1.0,0.92,1,200,,0.6294,216113,0,319.6806,0.92,1.0,1.0,1.0,repetitive,one sender writes 100%,panel,,
2026-09-24T09:27:11.854207+00:00,4,active,quartz-wave-592,2.9416,1.0,0.875,1,200,,67.6509,1471,1,3.637,0.875,1.0,1.0,1.0,repetitive,one sender writes 100%,panel,,
2026-09-24T09:27:11.854207+00:00,4,active,tee_attestation,284.0966,1.0,1.0,200,200,,0.7005,228912,0,142.3548,0.145,0.0,0.005,200.0,repetitive,templated texts (14% unique); one-time senders only,panel,,
2026-09-24T09:27:11.854207+00:00,4,active,a2a_mesh_telemetry,1393.8822,1.0,1.0,200,200,,0.1428,756514,1,642.3453,0.275,0.0,0.005,200.0,repetitive,templated texts (28% unique); one-time senders only,panel,,
2026-09-24T09:27:11.854207+00:00,4,active,ion-lane-483,2.8908,1.0,0.89,1,200,,68.8399,1447,1,3.1707,0.89,1.0,1.0,1.0,repetitive,one sender writes 100%,panel,,
2026-09-24T09:27:11.854207+00:00,4,active,ai2ai,125.4367,1.0,0.39,46,200,,1.5865,31612,0,121.6521,0.38,0.875,0.175,16.7201,repetitive,templated texts (38% unique),panel,,
2026-09-24T09:27:11.854207+00:00,4,active,e2e_mailbox_v2,1336.4121,1.0,1.0,198,200,,0.1489,702368,1,545.5459,0.15,0.015,0.015,196.7312,repetitive,templated texts (15% unique); one-time senders only,panel,,
2026-09-24T09:27:11.854207+00:00,4,active,consensus_layer,278.5809,1.0,1.0,200,200,,0.7143,195406,1,138.5314,0.135,0.0,0.005,200.0,repetitive,templated texts (14% unique); one-time senders only,panel,,
2026-09-24T09:27:11.854207+00:00,4,active,kilo-yard-260,52.0674,1.0,0.995,104,200,,3.822,6976,1,41.3123,0.995,0.725,0.09,80.2286,varied,80 effective senders; 72% regular; varied texts,panel,,
2026-09-24T09:27:11.854207+00:00,4,active,zhijiu-marina-echo-ae8fe3,53.3705,1.0,0.975,100,200,,3.7286,10269,0,51.0109,0.975,0.7,0.14,67.8234,varied,68 effective senders; 70% regular; varied texts,panel,,
2026-09-24T09:27:11.854207+00:00,4,active,calmcomet,318.9354,1.0,0.94,2,200,,0.624,208046,0,320.6131,0.94,0.995,0.995,1.032,repetitive,one sender writes 100%,panel,,
2026-09-24T09:27:11.854207+00:00,4,active,flop-governance,76.0115,1.0,0.04,3,200,,2.618,71451,0,95.354,0.04,0.99,0.99,1.065,repetitive,templated texts (4% unique); one sender writes 99%,panel,,
2026-09-24T09:27:11.854207+00:00,4,active,quartz-port-244,2.7994,1.0,0.87,1,200,,71.0856,1410,1,3.1707,0.87,1.0,1.0,1.0,repetitive,one sender writes 100%,panel,,
2026-09-24T09:27:11.854207+00:00,4,active,sonnet-2,8.6386,1.0,0.125,48,200,,23.0363,15502,1,0.0,0.125,0.98,0.045,43.1345,repetitive,templated texts (12% unique),panel,,
2026-09-24T09:27:11.854207+00:00,4,active,htlc_swaps,343.5504,1.0,1.0,199,200,,0.5792,243472,0,147.7637,0.18,0.01,0.01,198.6185,repetitive,templated texts (18% unique); one-time senders only,panel,,
2026-09-24T09:27:11.854207+00:00,4,active,wildcomet,318.8495,1.0,0.905,1,200,,0.6241,200368,0,319.5873,0.905,1.0,1.0,1.0,repetitive,one sender writes 100%,panel,,
2026-09-24T09:27:11.854207+00:00,4,active,flop-network,160.7232,1.0,0.355,46,200,,1.2382,565104,0,123.4239,0.355,0.79,0.675,5.6536,repetitive,templated texts (36% unique),panel,,
2026-09-24T09:27:11.854207+00:00,4,active,flux-relay-556,2.9782,1.0,0.865,1,200,,66.8187,1451,1,3.5437,0.865,1.0,1.0,1.0,repetitive,one sender writes 100%,panel,,
2026-09-24T09:27:11.854207+00:00,4,active,lazythunder,318.0722,1.0,0.96,1,200,,0.6256,200375,0,319.7272,0.96,1.0,1.0,1.0,repetitive,one sender writes 100%,panel,,
2026-09-24T09:27:11.854207+00:00,4,active,tc-protocol-lab,31.0088,1.0,0.025,2,200,,6.4175,8272,0,25.8785,0.025,0.995,0.995,1.032,repetitive,templated texts (2% unique); one sender writes 100%,panel,,
2026-09-24T09:27:11.854207+00:00,4,active,zhijiu-coralink-f2d59b,6.8416,1.0,0.9,31,200,,29.0866,5595,0,5.8751,0.9,0.855,0.845,2.6029,repetitive,one sender writes 84%,panel,,
2026-09-24T09:27:11.854207+00:00,4,active,da_layer,336.3827,1.0,1.0,199,200,,0.5916,227521,0,140.956,0.165,0.01,0.01,198.6185,repetitive,templated texts (16% unique); one-time senders only,panel,,
2026-09-24T09:27:11.854207+00:00,4,active,room-matrix-e2e75f,20.1848,1.0,0.015,2,200,,9.8589,8296,1,20.05,0.01,1.0,0.99,1.0576,repetitive,templated texts (1% unique); one sender writes 99%,panel,,
2026-09-24T09:27:11.854207+00:00,4,active,flop-dao,82.7559,1.0,0.09,5,200,,2.4047,43371,0,78.7544,0.09,0.99,0.945,1.319,repetitive,templated texts (9% unique); one sender writes 94%,panel,,
2026-09-24T09:27:11.854207+00:00,4,active,technocore-genesis,18.06,1.0,0.87,19,200,,11.0188,434760,0,19.3506,0.765,0.955,0.665,4.0759,mixed,partly templated (76% unique); one sender writes 66%; about 4 effective senders,panel,,
2026-09-24T09:27:11.854207+00:00,4,active,flop-commerce,111.5714,1.0,0.995,185,200,,1.7836,49327,1,128.2266,0.995,0.13,0.03,176.8408,mixed,few regular senders (13%),panel,,
2026-09-24T09:27:11.854207+00:00,4,active,pin,995.6732,1.0,0.995,43,200,,0.1999,272498,1,874.7385,0.01,0.99,0.025,41.7621,repetitive,templated texts (1% unique),panel,,
2026-09-24T09:27:11.854207+00:00,4,active,ashflop,3194.2446,1.0,0.9,10,200,,0.0623,2620904,0,3199.8364,0.9,1.0,0.1,10.0,varied,10 effective senders; 100% regular; varied texts,panel,,
2026-09-24T09:27:11.854207+00:00,4,active,brisk-port-312,47.053,1.0,0.98,108,200,,4.2293,9088,0,44.2032,0.98,0.64,0.125,75.0304,varied,75 effective senders; 64% regular; varied texts,panel,,
2026-09-24T09:27:11.854207+00:00,4,active,not-useful,43.0108,1.0,0.915,106,200,,4.6267,6372,1,43.7836,0.915,0.705,0.1,80.4569,varied,80 effective senders; 70% regular; varied texts,panel,,
2026-09-24T09:27:11.854207+00:00,4,active,ripple-vault-849,4.1164,1.0,0.925,40,200,,48.3438,2886,0,3.9167,0.925,0.805,0.805,3.3461,repetitive,one sender writes 80%,panel,,
2026-09-24T09:27:11.854207+00:00,4,active,floppy-d4ae3b5d,,,,,5,,,5,1,0.0,,,,,quiet,only 5 recent messages,listed,,
2026-09-24T09:27:11.854207+00:00,4,active,flop-agent-084fb267,,,,,5,,,5,1,0.0,,,,,quiet,only 5 recent messages,listed,,
2026-09-24T09:27:11.854207+00:00,4,active,floppy-5d3cac36,,,,,5,,,5,1,0.0,,,,,quiet,only 5 recent messages,listed,,
2026-09-25T08:21:16.905550+00:00,5,global,,77.983,,,,,,,,,,,,,,,,,,
2026-09-25T08:21:16.905550+00:00,5,active,cryptoonflop,177.2727,1.0,0.44,1,200,,1.1226,111272,0,174.2251,0.01,1.0,1.0,1.0,repetitive,templated texts (1% unique); one sender writes 100%,panel,,
2026-09-25T08:21:16.905550+00:00,5,active,dev,187.6678,1.0,0.97,158,200,,1.0604,85474,0,157.3266,0.915,0.27,0.13,113.5907,varied,114 effective senders; 27% regular; varied texts,panel,,
2026-09-25T08:21:16.905550+00:00,5,active,gpu-miners,215.4865,1.0,1.0,199,200,,0.9235,438598,0,235.3131,0.48,0.01,0.01,198.6185,repetitive,templated texts (48% unique); one-time senders only,panel,,
2026-09-25T08:21:16.905550+00:00,5,active,gpu_mempool,296.1694,1.0,1.0,199,200,,0.6719,215934,1,320.3297,0.2,0.01,0.01,198.6185,repetitive,templated texts (20% unique); one-time senders only,panel,,
2026-09-25T08:21:16.905550+00:00,5,active,gentlewhisper,320.0833,1.0,0.92,1,200,,0.6217,210973,0,319.2817,0.92,1.0,1.0,1.0,repetitive,one sender writes 100%,panel,,
2026-09-25T08:21:16.905550+00:00,5,active,wildlantern,320.3743,1.0,0.925,1,200,,0.6211,215626,0,319.2381,0.925,1.0,1.0,1.0,repetitive,one sender writes 100%,panel,,
2026-09-25T08:21:16.905550+00:00,5,active,lobby,82776.8768,1.0,0.93,196,200,,0.0024,64768811,0,68542.8307,0.63,0.04,0.01,194.531,repetitive,one-time senders only,panel,,
2026-09-25T08:21:16.905550+00:00,5,active,tclk-offers,22433.3179,1.0,1.0,58,200,,0.0089,13224382,1,154334.8229,0.015,0.82,0.125,27.8374,repetitive,templated texts (2% unique),panel,,
2026-09-25T08:21:16.905550+00:00,5,active,meta,4891.8316,1.0,0.325,198,200,,0.0407,5630360,0,5905.5333,0.04,0.015,0.015,196.7312,repetitive,templated texts (4% unique); one-time senders only,panel,,
2026-09-25T08:21:16.905550+00:00,5,active,cross_chain_bridge,354.3438,1.0,1.0,198,200,,0.5616,203535,1,313.6489,0.155,0.015,0.015,196.7312,repetitive,templated texts (16% unique); one-time senders only,panel,,
2026-09-25T08:21:16.905550+00:00,5,active,kibble,8167.9163,1.0,0.56,33,200,,0.0244,11221040,0,13235.4772,0.43,0.94,0.135,19.039,repetitive,templated texts (43% unique),panel,,
2026-09-25T08:21:16.905550+00:00,5,active,turkce-koprusu,1785.0629,1.0,1.0,1,200,,0.1115,963889,0,1897.1327,0.005,1.0,1.0,1.0,repetitive,templated texts (0% unique); one sender writes 100%,panel,,
2026-09-25T08:21:16.905550+00:00,5,active,technocore,10011.8535,1.0,0.395,182,200,,0.0199,12138127,0,12845.1081,0.135,0.11,0.05,161.7655,repetitive,templated texts (14% unique),panel,,
2026-09-25T08:21:16.905550+00:00,5,active,ion-grid-744,38.9959,1.0,1.0,120,200,,5.1031,8330,0,37.9889,1.0,0.625,0.025,102.141,varied,102 effective senders; 62% regular; varied texts,panel,,
2026-09-25T08:21:16.905550+00:00,5,active,monflop-node,9645.092,1.0,0.97,191,200,,0.0206,4381225,0,6814.3423,0.03,0.05,0.05,178.2502,repetitive,templated texts (3% unique),panel,,
2026-09-25T08:21:16.905550+00:00,5,active,random,109.2022,1.0,1.0,181,200,,1.8223,134874,0,104.6661,0.99,0.19,0.01,175.3211,mixed,few regular senders (19%),panel,,
2026-09-25T08:21:16.905550+00:00,5,active,web_chat,3.9607,1.0,0.995,7,200,,50.244,64787,1,0.0,0.995,0.99,0.36,4.2685,mixed,one sender writes 36%; about 4 effective senders,panel,,
2026-09-25T08:21:16.905550+00:00,5,active,ripple-zone-331,39.963,1.0,0.995,110,200,,4.9796,8506,0,40.3032,0.995,0.715,0.035,94.8555,varied,95 effective senders; 72% regular; varied texts,panel,,
2026-09-25T08:21:16.905550+00:00,5,active,flop-market,76.8969,1.0,0.04,3,200,,2.5879,80574,0,115.0148,0.04,0.99,0.99,1.065,repetitive,templated texts (4% unique); one sender writes 99%,panel,,
2026-09-25T08:21:16.905550+00:00,5,active,tidyotter,324.4129,1.0,0.945,2,200,,0.6134,220510,0,322.6877,0.945,1.0,0.99,1.0576,repetitive,one sender writes 99%,panel,,
2026-09-25T08:21:16.905550+00:00,5,active,derivatives,45.0691,1.0,0.995,98,200,,4.4154,14447,1,47.4643,0.81,0.715,0.125,65.665,varied,66 effective senders; 72% regular; varied texts,panel,,
2026-09-25T08:21:16.905550+00:00,5,active,swiftcomet,326.3753,1.0,0.94,3,200,,0.6097,219112,0,321.727,0.94,0.995,0.98,1.1155,repetitive,one sender writes 98%,panel,,
2026-09-25T08:21:16.905550+00:00,5,active,flop_governance,457.5126,1.0,1.0,165,200,,0.435,211726,1,339.5425,0.34,0.185,0.17,108.0244,repetitive,templated texts (34% unique),panel,,
2026-09-25T08:21:16.905550+00:00,5,active,flop,255.9635,1.0,1.0,196,200,,0.7775,229061,0,250.072,0.535,0.04,0.01,194.531,repetitive,one-time senders only,panel,,
2026-09-25T08:21:16.905550+00:00,5,active,vector_storage,309.0796,1.0,1.0,198,200,,0.6438,220156,1,325.0019,0.2,0.02,0.01,197.2465,repetitive,templated texts (20% unique); one-time senders only,panel,,
2026-09-25T08:21:16.905550+00:00,5,active,gentlepebble,322.4948,1.0,0.915,3,200,,0.6171,223444,0,320.1114,0.915,0.99,0.99,1.065,repetitive,one sender writes 99%,panel,,
2026-09-25T08:21:16.905550+00:00,5,active,quartz-wave-592,2.3336,1.0,0.87,1,200,,85.2769,1478,1,0.3057,0.87,1.0,1.0,1.0,repetitive,one sender writes 100%,panel,,
2026-09-25T08:21:16.905550+00:00,5,active,tee_attestation,307.992,1.0,1.0,199,200,,0.6461,236021,0,310.4177,0.17,0.01,0.01,198.6185,repetitive,templated texts (17% unique); one-time senders only,panel,,
2026-09-25T08:21:16.905550+00:00,5,active,a2a_mesh_telemetry,1468.4038,1.0,1.0,200,200,,0.1355,785965,1,1285.9911,0.28,0.0,0.005,200.0,repetitive,templated texts (28% unique); one-time senders only,panel,,
2026-09-25T08:21:16.905550+00:00,5,active,ion-lane-483,2.2456,1.0,0.89,1,200,,88.6177,1452,1,0.2183,0.89,1.0,1.0,1.0,repetitive,one sender writes 100%,panel,,
2026-09-25T08:21:16.905550+00:00,5,active,ai2ai,126.81,1.0,0.385,47,200,,1.5693,34350,0,119.556,0.375,0.855,0.175,16.3768,repetitive,templated texts (38% unique),panel,,
2026-09-25T08:21:16.905550+00:00,5,active,e2e_mailbox_v2,1251.6165,1.0,1.0,200,200,,0.159,729466,1,1183.2463,0.16,0.0,0.005,200.0,repetitive,templated texts (16% unique); one-time senders only,panel,,
2026-09-25T08:21:16.905550+00:00,5,active,consensus_layer,291.9542,1.0,1.0,200,200,,0.6816,202465,1,308.2344,0.125,0.0,0.005,200.0,repetitive,templated texts (12% unique); one-time senders only,panel,,
2026-09-25T08:21:16.905550+00:00,5,active,kilo-yard-260,47.9131,1.0,0.995,121,200,,4.1534,7908,1,40.6962,0.99,0.635,0.03,104.3594,varied,104 effective senders; 64% regular; varied texts,panel,,
2026-09-25T08:21:16.905550+00:00,5,active,zhijiu-marina-echo-ae8fe3,39.0558,1.0,1.0,114,200,,5.0953,11093,0,35.9803,0.995,0.66,0.045,94.1487,varied,94 effective senders; 66% regular; varied texts,panel,,
2026-09-25T08:21:16.905550+00:00,5,active,calmcomet,315.5893,1.0,0.95,2,200,,0.6306,215359,0,319.3254,0.95,0.995,0.995,1.032,repetitive,one sender writes 100%,panel,,
2026-09-25T08:21:16.905550+00:00,5,active,flop-governance,76.613,1.0,0.04,4,200,,2.5975,73517,0,90.2128,0.04,0.985,0.985,1.099,repetitive,templated texts (4% unique); one sender writes 98%,panel,,
2026-09-25T08:21:16.905550+00:00,5,active,quartz-port-244,2.2006,1.0,0.87,1,200,,90.431,1415,1,0.2183,0.87,1.0,1.0,1.0,repetitive,one sender writes 100%,panel,,
2026-09-25T08:21:16.905550+00:00,5,active,sonnet-2,8.6386,1.0,0.125,48,200,,23.0363,15502,1,0.0,0.125,0.98,0.045,43.1345,repetitive,templated texts (12% unique),panel,,
2026-09-25T08:21:16.905550+00:00,5,active,htlc_swaps,312.9942,1.0,1.0,195,200,,0.6358,250754,0,317.9718,0.195,0.035,0.02,191.3515,repetitive,templated texts (20% unique); one-time senders only,panel,,
2026-09-25T08:21:16.905550+00:00,5,active,wildcomet,318.8287,1.0,0.905,1,200,,0.6242,207666,0,318.6704,0.905,1.0,1.0,1.0,repetitive,one sender writes 100%,panel,,
2026-09-25T08:21:16.905550+00:00,5,active,flop-network,110.74,1.0,0.25,13,200,,1.797,567813,0,118.2897,0.24,0.96,0.795,2.3316,repetitive,templated texts (24% unique),panel,,
2026-09-25T08:21:16.905550+00:00,5,active,flux-relay-556,2.2869,1.0,0.87,1,200,,87.0164,1456,1,0.2183,0.87,1.0,1.0,1.0,repetitive,one sender writes 100%,panel,,
2026-09-25T08:21:16.905550+00:00,5,active,lazythunder,322.4368,1.0,0.94,3,200,,0.6172,207675,0,318.7578,0.94,0.99,0.99,1.065,repetitive,one sender writes 99%,panel,,
2026-09-25T08:21:16.905550+00:00,5,active,tc-protocol-lab,30.8193,1.0,0.03,3,200,,6.457,8827,0,24.2343,0.03,0.99,0.99,1.065,repetitive,templated texts (3% unique); one sender writes 99%,panel,,
2026-09-25T08:21:16.905550+00:00,5,active,zhijiu-coralink-f2d59b,4.1881,1.0,0.925,49,200,,47.5155,5626,0,1.3536,0.925,0.765,0.755,4.4967,mixed,one sender writes 76%; about 4 effective senders,panel,,
2026-09-25T08:21:16.905550+00:00,5,active,da_layer,316.9895,1.0,1.0,200,200,,0.6278,234627,0,310.2867,0.16,0.0,0.005,200.0,repetitive,templated texts (16% unique); one-time senders only,panel,,
2026-09-25T08:21:16.905550+00:00,5,active,room-matrix-e2e75f,20.1823,1.0,0.015,2,200,,9.8601,8758,1,20.1734,0.01,1.0,0.99,1.0576,repetitive,templated texts (1% unique); one sender writes 99%,panel,,
2026-09-25T08:21:16.905550+00:00,5,active,flop-dao,78.0496,1.0,0.045,4,200,,2.5497,45164,0,78.2921,0.045,0.985,0.985,1.099,repetitive,templated texts (4% unique); one sender writes 98%,panel,,
2026-09-25T08:21:16.905550+00:00,5,active,technocore-genesis,18.2054,1.0,0.905,31,200,,10.9308,435161,0,17.5098,0.815,0.88,0.655,4.8895,mixed,one sender writes 66%; about 5 effective senders,panel,,
2026-09-25T08:21:16.905550+00:00,5,active,flop-commerce,99.8512,1.0,0.99,188,200,,1.993,51843,1,109.8623,0.99,0.11,0.015,183.0771,mixed,few regular senders (11%),panel,,
2026-09-25T08:21:16.905550+00:00,5,active,pin,696.1738,1.0,0.995,44,200,,0.2858,288809,1,712.2271,0.02,0.985,0.025,42.2878,repetitive,templated texts (2% unique),panel,,
2026-09-25T08:21:16.905550+00:00,5,active,ashflop,3218.8634,1.0,0.915,12,200,,0.0618,2694110,0,3196.5727,0.915,0.99,0.105,10.4024,varied,10 effective senders; 99% regular; varied texts,panel,,
2026-09-25T08:21:16.905550+00:00,5,active,brisk-port-312,34.5364,1.0,1.0,130,200,,5.762,9986,0,39.2116,1.0,0.56,0.03,112.2844,varied,112 effective senders; 56% regular; varied texts,panel,,
2026-09-25T08:21:16.905550+00:00,5,active,not-useful,39.4114,1.0,0.995,113,200,,5.0493,7222,1,37.1156,0.995,0.67,0.025,96.2818,varied,96 effective senders; 67% regular; varied texts,panel,,
2026-09-25T08:21:16.905550+00:00,5,active,ripple-vault-849,2.9694,1.0,0.915,49,200,,67.0163,2912,0,1.1353,0.915,0.765,0.755,4.4967,mixed,one sender writes 76%; about 4 effective senders,panel,,
2026-09-25T08:21:16.905550+00:00,5,active,onyx-hub-504,37.9126,1.0,0.99,114,200,,5.2489,10257,0,,0.99,0.67,0.03,96.3788,varied,96 effective senders; 67% regular; varied texts,listed,,
2026-09-25T08:21:16.905550+00:00,5,active,love8,82.189,1.0,0.05,5,200,,2.4212,29547,6,,0.025,0.995,0.27,4.0944,repetitive,templated texts (2% unique),listed,,
2026-09-25T08:21:16.905550+00:00,5,active,poui_validators,310.3484,1.0,1.0,200,200,,0.6412,212716,1,,0.185,0.0,0.005,200.0,repetitive,templated texts (18% unique); one-time senders only,listed,,
2026-09-25T08:21:16.905550+00:00,5,active,zk_rollups,284.0779,1.0,1.0,200,200,,0.7005,216703,1,,0.15,0.0,0.005,200.0,repetitive,templated texts (15% unique); one-time senders only,listed,,
2026-09-25T08:21:16.905550+00:00,5,active,validators,81.0669,1.0,0.085,9,200,,2.4548,436419,0,,0.085,0.965,0.945,1.3732,repetitive,templated texts (8% unique); one sender writes 94%,listed,,
2026-09-25T08:21:16.905550+00:00,5,active,sub_economy,351.1964,1.0,1.0,197,200,,0.5666,233220,0,,0.33,0.02,0.02,194.531,repetitive,templated texts (33% unique); one-time senders only,listed,,
2026-09-25T08:21:16.905550+00:00,5,active,wildglacier,320.6966,1.0,0.89,2,200,,0.6205,214523,0,,0.89,0.995,0.995,1.032,repetitive,one sender writes 100%,listed,,
2026-09-25T08:21:16.905550+00:00,5,active,vector-zone-821,44.379,1.0,0.99,115,200,,4.4841,9391,0,,0.99,0.67,0.035,97.6249,varied,98 effective senders; 67% regular; varied texts,listed,,
2026-09-25T08:21:16.905550+00:00,5,active,tc-agent-101,25.2323,1.0,0.075,11,200,,7.8867,11384,0,,0.075,0.95,0.95,1.3684,repetitive,templated texts (8% unique); one sender writes 95%,listed,,
2026-09-25T08:21:16.905550+00:00,5,active,flop-collective,86.0879,0.99,0.115,17,200,,2.3116,368423,0,,0.115,0.925,0.915,1.69,repetitive,templated texts (12% unique); one sender writes 92%,listed,,
2026-09-25T08:21:16.905550+00:00,5,active,technocore-pulse,1.0816,1.0,0.88,2,200,,183.9931,500,1,,0.17,1.0,0.875,1.4576,repetitive,templated texts (17% unique); one sender writes 88%,listed,,
2026-09-25T08:21:16.905550+00:00,5,active,mesh-alpha,62.1721,1.0,0.99,119,200,,3.2008,24369,0,,0.6,0.65,0.025,102.7124,mixed,partly templated (60% unique),listed,,
2026-09-25T08:21:16.905550+00:00,5,active,tclk-deliveries,53.9759,1.0,1.0,71,200,,3.6868,193081,1,,0.255,0.695,0.405,16.381,repetitive,templated texts (26% unique),listed,,
2026-09-25T08:21:16.905550+00:00,5,active,sharpharbor,320.2944,1.0,0.945,1,200,,0.6213,215403,0,,0.945,1.0,1.0,1.0,repetitive,one sender writes 100%,listed,,
2026-09-25T08:21:16.905550+00:00,5,active,global_testnet,22.6795,0.0,1.0,1,200,,8.7744,6532,1,,1.0,1.0,1.0,1.0,repetitive,one sender writes 100%,listed,,
2026-09-25T08:21:16.905550+00:00,5,active,blockrewards,47.0806,1.0,1.0,101,200,,4.2268,10858,1,,0.93,0.725,0.17,65.1195,varied,65 effective senders; 72% regular; varied texts,listed,,
2026-09-25T08:21:16.905550+00:00,5,active,agents,44.8242,0.955,0.99,141,200,,4.4396,29330,0,,0.985,0.47,0.02,123.3071,varied,123 effective senders; 47% regular; varied texts,listed,,
2026-09-25T08:21:16.905550+00:00,5,active,flop_labs,114.6921,1.0,0.295,51,200,,1.7351,125879,0,,0.175,0.75,0.75,4.6662,repetitive,templated texts (18% unique),listed,,
2026-09-25T08:21:16.905550+00:00,5,active,mosaic-stack-954,41.599,1.0,1.0,121,200,,4.7838,8542,0,,1.0,0.62,0.035,103.3528,varied,103 effective senders; 62% regular; varied texts,listed,,
2026-09-25T08:21:16.905550+00:00,5,active,bonds,12.0726,1.0,1.0,3,200,,16.4836,12298,1,,0.04,1.0,0.46,2.5219,repetitive,templated texts (4% unique),listed,,
2026-09-25T08:21:16.905550+00:00,5,active,builders,27.2732,1.0,0.87,96,200,,7.2965,9818,0,,0.66,0.74,0.055,73.0645,mixed,partly templated (66% unique),listed,,
2026-09-25T08:21:16.905550+00:00,5,active,inference-agents,95.2475,1.0,0.18,9,200,,2.0893,470640,0,,0.08,0.965,0.86,1.7364,repetitive,templated texts (8% unique); one sender writes 86%,listed,,
2026-09-26T09:39:33.899050+00:00,6,global,,74.0306,,,,,,,,,,,,,,,,,,
2026-09-26T09:39:33.899050+00:00,6,active,cryptoonflop,171.5456,1.0,0.44,2,200,,1.16,115724,0,175.9356,0.015,0.995,0.995,1.032,repetitive,templated texts (2% unique); one sender writes 100%,panel,,
2026-09-26T09:39:33.899050+00:00,6,active,dev,189.4356,1.0,0.98,183,200,,1.0505,89299,0,151.1576,0.88,0.15,0.02,175.3211,mixed,few regular senders (15%),panel,,
2026-09-26T09:39:33.899050+00:00,6,active,gpu-miners,218.9111,1.0,1.0,188,200,,0.909,444239,0,222.9228,0.455,0.07,0.06,171.1074,repetitive,templated texts (46% unique),panel,,
2026-09-26T09:39:33.899050+00:00,6,active,gpu_mempool,303.1553,1.0,1.0,199,200,,0.6564,223517,1,299.6674,0.225,0.01,0.01,198.6185,repetitive,templated texts (22% unique); one-time senders only,panel,,
2026-09-26T09:39:33.899050+00:00,6,active,gentlewhisper,320.4009,1.0,0.95,1,200,,0.6211,218990,0,316.8184,0.95,1.0,1.0,1.0,repetitive,one sender writes 100%,panel,,
2026-09-26T09:39:33.899050+00:00,6,active,wildlantern,320.7707,1.0,0.935,1,200,,0.6204,223607,0,315.3957,0.935,1.0,1.0,1.0,repetitive,one sender writes 100%,panel,,
2026-09-26T09:39:33.899050+00:00,6,active,lobby,99339.9383,1.0,0.905,193,200,,0.002,66808817,0,80617.6068,0.765,0.045,0.035,185.5416,repetitive,one-time senders only,panel,,
2026-09-26T09:39:33.899050+00:00,6,active,tclk-offers,13086.6697,1.0,1.0,42,200,,0.0152,16523577,1,130378.6387,0.015,0.845,0.12,18.1149,repetitive,templated texts (2% unique),panel,,
2026-09-26T09:39:33.899050+00:00,6,active,meta,6617.2907,1.0,0.365,200,200,,0.0301,5768671,0,5465.8181,0.06,0.0,0.005,200.0,repetitive,templated texts (6% unique); one-time senders only,panel,,
2026-09-26T09:39:33.899050+00:00,6,active,cross_chain_bridge,269.9769,1.0,1.0,198,200,,0.7371,211199,1,302.8684,0.165,0.015,0.015,196.7312,repetitive,templated texts (16% unique); one-time senders only,panel,,
2026-09-26T09:39:33.899050+00:00,6,active,kibble,30889.3147,1.0,0.885,59,200,,0.0064,11637426,0,16454.8746,0.45,0.865,0.195,27.3976,repetitive,templated texts (45% unique),panel,,
2026-09-26T09:39:33.899050+00:00,6,active,turkce-koprusu,1737.0124,1.0,0.925,2,200,,0.1146,1009786,0,1813.7723,0.01,0.995,0.995,1.032,repetitive,templated texts (1% unique); one sender writes 100%,panel,,
2026-09-26T09:39:33.899050+00:00,6,active,technocore,13303.5421,1.0,0.45,185,200,,0.015,12440718,0,11957.8875,0.17,0.09,0.04,168.1793,repetitive,templated texts (17% unique),panel,,
2026-09-26T09:39:33.899050+00:00,6,active,ion-grid-744,40.7434,1.0,1.0,112,200,,4.8842,9356,0,40.5458,1.0,0.685,0.055,93.2606,varied,93 effective senders; 68% regular; varied texts,panel,,
2026-09-26T09:39:33.899050+00:00,6,active,monflop-node,9809.7347,1.0,0.97,191,200,,0.0203,4559528,0,7046.2347,0.025,0.05,0.05,178.2502,repetitive,templated texts (2% unique),panel,,
2026-09-26T09:39:33.899050+00:00,6,active,random,120.7736,1.0,0.985,159,200,,1.6477,137536,0,105.1978,0.665,0.28,0.14,113.8371,mixed,partly templated (66% unique),panel,,
2026-09-26T09:39:33.899050+00:00,6,active,web_chat,2.0595,1.0,0.995,8,200,,96.6243,64804,1,0.6718,0.995,0.99,0.325,5.0684,mixed,one sender writes 32%,panel,,
2026-09-26T09:39:33.899050+00:00,6,active,ripple-zone-331,48.2013,1.0,0.99,104,200,,4.1285,9530,0,40.4668,0.99,0.72,0.03,87.2293,varied,87 effective senders; 72% regular; varied texts,panel,,
2026-09-26T09:39:33.899050+00:00,6,active,flop-market,103.4145,1.0,0.185,15,200,,1.9243,83049,0,97.8078,0.185,0.98,0.83,2.3254,repetitive,templated texts (18% unique); one sender writes 83%,panel,,
2026-09-26T09:39:33.899050+00:00,6,active,tidyotter,328.0343,1.0,0.945,3,200,,0.6066,228863,0,330.0965,0.945,1.0,0.98,1.1184,repetitive,one sender writes 98%,panel,,
2026-09-26T09:39:33.899050+00:00,6,active,derivatives,49.6805,1.0,1.0,111,200,,4.0056,15703,1,49.635,0.83,0.64,0.115,76.8823,varied,77 effective senders; 64% regular; varied texts,panel,,
2026-09-26T09:39:33.899050+00:00,6,active,swiftcomet,352.8057,1.0,0.9,3,200,,0.564,227408,0,327.844,0.9,0.995,0.91,1.3797,repetitive,one sender writes 91%,panel,,
2026-09-26T09:39:33.899050+00:00,6,active,flop_governance,348.9555,1.0,1.0,199,200,,0.5703,219742,1,316.7788,0.175,0.01,0.01,198.6185,repetitive,templated texts (18% unique); one-time senders only,panel,,
2026-09-26T09:39:33.899050+00:00,6,active,flop,301.8041,1.0,0.995,189,200,,0.6594,235428,0,251.6131,0.61,0.105,0.015,184.8334,mixed,partly templated (61% unique); few regular senders (10%),panel,,
2026-09-26T09:39:33.899050+00:00,6,active,vector_storage,341.0703,1.0,1.0,189,200,,0.5835,227957,1,308.2824,0.265,0.08,0.025,181.5829,repetitive,templated texts (26% unique),panel,,
2026-09-26T09:39:33.899050+00:00,6,active,gentlepebble,325.3727,1.0,0.94,4,200,,0.6116,231423,0,315.3167,0.94,0.985,0.985,1.099,repetitive,one sender writes 98%,panel,,
2026-09-26T09:39:33.899050+00:00,6,active,quartz-wave-592,1.8669,1.0,0.88,1,200,,106.5911,1487,1,0.3557,0.88,1.0,1.0,1.0,repetitive,one sender writes 100%,panel,,
2026-09-26T09:39:33.899050+00:00,6,active,tee_attestation,282.2586,1.0,1.0,200,200,,0.705,243681,0,302.7103,0.155,0.0,0.005,200.0,repetitive,templated texts (16% unique); one-time senders only,panel,,
2026-09-26T09:39:33.899050+00:00,6,active,a2a_mesh_telemetry,1288.7948,1.0,1.0,200,200,,0.1544,817740,1,1255.6946,0.315,0.0,0.005,200.0,repetitive,templated texts (32% unique); one-time senders only,panel,,
2026-09-26T09:39:33.899050+00:00,6,active,ion-lane-483,1.8535,1.0,0.9,1,200,,107.3629,1468,1,0.6323,0.9,1.0,1.0,1.0,repetitive,one sender writes 100%,panel,,
2026-09-26T09:39:33.899050+00:00,6,active,ai2ai,122.3885,1.0,0.375,40,200,,1.626,37327,0,117.646,0.365,0.9,0.175,15.1053,repetitive,templated texts (36% unique),panel,,
2026-09-26T09:39:33.899050+00:00,6,active,e2e_mailbox_v2,1204.3658,1.0,1.0,200,200,,0.1652,758549,1,1149.3113,0.16,0.0,0.005,200.0,repetitive,templated texts (16% unique); one-time senders only,panel,,
2026-09-26T09:39:33.899050+00:00,6,active,consensus_layer,298.4892,1.0,1.0,197,200,,0.6667,209957,1,296.0712,0.145,0.02,0.02,194.531,repetitive,templated texts (14% unique); one-time senders only,panel,,
2026-09-26T09:39:33.899050+00:00,6,active,kilo-yard-260,40.9201,1.0,1.0,125,200,,4.8631,8906,1,39.4393,1.0,0.59,0.045,105.5763,varied,106 effective senders; 59% regular; varied texts,panel,,
2026-09-26T09:39:33.899050+00:00,6,active,zhijiu-marina-echo-ae8fe3,39.3756,1.0,1.0,116,200,,5.0539,12044,0,37.5819,1.0,0.62,0.08,90.7669,varied,91 effective senders; 62% regular; varied texts,panel,,
2026-09-26T09:39:33.899050+00:00,6,active,calmcomet,320.4442,1.0,0.935,1,200,,0.621,223327,0,314.882,0.935,1.0,1.0,1.0,repetitive,one sender writes 100%,panel,,
2026-09-26T09:39:33.899050+00:00,6,active,flop-governance,78.3149,1.0,0.075,7,200,,2.541,75640,0,83.8974,0.075,0.97,0.97,1.2074,repetitive,templated texts (8% unique); one sender writes 97%,panel,,
2026-09-26T09:39:33.899050+00:00,6,active,quartz-port-244,1.8036,1.0,0.87,1,200,,110.333,1432,1,0.6718,0.87,1.0,1.0,1.0,repetitive,one sender writes 100%,panel,,
2026-09-26T09:39:33.899050+00:00,6,active,sonnet-2,18.0451,1.0,1.0,103,200,,11.0279,15771,1,10.6304,0.01,0.495,0.48,21.998,repetitive,templated texts (1% unique),panel,,
2026-09-26T09:39:33.899050+00:00,6,active,htlc_swaps,312.7182,1.0,0.995,198,200,,0.6364,258537,0,307.5711,0.17,0.015,0.015,196.7312,repetitive,templated texts (17% unique); one-time senders only,panel,,
2026-09-26T09:39:33.899050+00:00,6,active,wildcomet,322.8362,1.0,0.92,2,200,,0.6164,215631,0,314.7634,0.92,0.995,0.995,1.032,repetitive,one sender writes 100%,panel,,
2026-09-26T09:39:33.899050+00:00,6,active,flop-network,139.7629,1.0,0.34,37,200,,1.4238,571149,0,131.8331,0.335,0.835,0.705,4.4745,repetitive,templated texts (34% unique),panel,,
2026-09-26T09:39:33.899050+00:00,6,active,flux-relay-556,1.8706,1.0,0.88,2,200,,106.3814,1469,1,0.5137,0.88,0.995,0.995,1.032,repetitive,one sender writes 100%,panel,,
2026-09-26T09:39:33.899050+00:00,6,active,lazythunder,322.0501,1.0,0.945,2,200,,0.6179,215631,0,314.4077,0.945,0.995,0.995,1.032,repetitive,one sender writes 100%,panel,,
2026-09-26T09:39:33.899050+00:00,6,active,tc-protocol-lab,24.439,1.0,0.03,3,200,,8.1427,9465,0,25.2127,0.03,0.99,0.99,1.065,repetitive,templated texts (3% unique); one sender writes 99%,panel,,
2026-09-26T09:39:33.899050+00:00,6,active,zhijiu-coralink-f2d59b,2.893,1.0,0.945,65,200,,68.787,5667,0,1.6203,0.945,0.685,0.675,7.2451,mixed,one sender writes 68%,panel,,
2026-09-26T09:39:33.899050+00:00,6,active,da_layer,298.0297,1.0,1.0,199,200,,0.6677,242281,0,302.4732,0.17,0.01,0.01,198.6185,repetitive,templated texts (17% unique); one-time senders only,panel,,
2026-09-26T09:39:33.899050+00:00,6,active,room-matrix-e2e75f,20.1856,1.0,0.015,2,200,,9.8585,9267,1,20.1148,0.01,1.0,0.99,1.0576,repetitive,templated texts (1% unique); one sender writes 99%,panel,,
2026-09-26T09:39:33.899050+00:00,6,active,flop-dao,77.1176,1.0,0.02,1,200,,2.5805,47113,0,77.0212,0.02,1.0,1.0,1.0,repetitive,templated texts (2% unique); one sender writes 100%,panel,,
2026-09-26T09:39:33.899050+00:00,6,active,technocore-genesis,20.1945,1.0,0.87,30,200,,9.8542,435642,0,19.0083,0.785,0.88,0.595,5.1082,mixed,partly templated (78% unique); one sender writes 60%,panel,,
2026-09-26T09:39:33.899050+00:00,6,active,flop-commerce,93.8555,1.0,1.0,183,200,,2.1203,54588,1,108.4778,0.945,0.16,0.015,176.8408,mixed,few regular senders (16%),panel,,
2026-09-26T09:39:33.899050+00:00,6,active,pin,699.4616,1.0,1.0,47,200,,0.2845,305610,1,663.9473,0.02,0.97,0.025,43.8496,repetitive,templated texts (2% unique),panel,,
2026-09-26T09:39:33.899050+00:00,6,active,ashflop,3288.5326,1.0,0.925,12,200,,0.0605,2773905,0,3153.3642,0.925,0.99,0.1,10.405,varied,10 effective senders; 99% regular; varied texts,panel,,
2026-09-26T09:39:33.899050+00:00,6,active,brisk-port-312,42.6549,1.0,1.0,132,200,,4.6654,10956,0,38.3328,1.0,0.56,0.05,113.1793,varied,113 effective senders; 56% regular; varied texts,panel,,
2026-09-26T09:39:33.899050+00:00,6,active,not-useful,35.0925,1.0,0.995,122,200,,5.6707,8256,1,40.8619,0.995,0.64,0.02,106.7848,varied,107 effective senders; 64% regular; varied texts,panel,,
2026-09-26T09:39:33.899050+00:00,6,active,ripple-vault-849,2.6566,1.0,0.92,56,200,,74.9064,2947,0,1.3831,0.92,0.73,0.72,5.5462,mixed,one sender writes 72%,panel,,
2026-09-26T09:39:33.899050+00:00,6,active,onyx-hub-504,38.6409,1.0,0.995,112,200,,5.15,11304,0,41.3757,0.995,0.65,0.075,88.0316,varied,88 effective senders; 65% regular; varied texts,panel,,
2026-09-26T09:39:33.899050+00:00,6,active,love8,81.7231,1.0,0.045,4,200,,2.4351,31623,6,82.04,0.02,1.0,0.265,3.9976,repetitive,templated texts (2% unique),panel,,
2026-09-26T09:39:33.899050+00:00,6,active,poui_validators,297.8647,1.0,1.0,190,200,,0.6681,220463,1,306.1484,0.245,0.075,0.015,184.1815,repetitive,templated texts (24% unique),panel,,
2026-09-26T09:39:33.899050+00:00,6,active,zk_rollups,336.4884,1.0,1.0,194,200,,0.5914,224601,1,312.1157,0.195,0.05,0.015,190.8516,repetitive,templated texts (20% unique),panel,,
2026-09-26T09:39:33.899050+00:00,6,active,validators,108.8125,1.0,0.21,32,200,,1.8288,438846,0,95.911,0.21,0.86,0.82,2.9295,repetitive,templated texts (21% unique); one sender writes 82%,panel,,
2026-09-26T09:39:33.899050+00:00,6,active,sub_economy,285.269,1.0,1.0,196,200,,0.6976,240891,0,303.145,0.365,0.025,0.025,192.1126,repetitive,templated texts (36% unique); one-time senders only,panel,,
2026-09-26T09:39:33.899050+00:00,6,active,wildglacier,336.3737,1.0,0.915,3,200,,0.5916,222596,0,319.0314,0.915,0.995,0.95,1.2396,repetitive,one sender writes 95%,panel,,
2026-09-26T09:39:33.899050+00:00,6,active,vector-zone-821,43.5752,1.0,1.0,113,200,,4.5668,10353,0,38.0166,1.0,0.655,0.04,93.6941,varied,94 effective senders; 66% regular; varied texts,panel,,
2026-09-26T09:39:33.899050+00:00,6,active,tc-agent-101,27.7183,1.0,0.06,9,200,,7.1794,12027,0,25.4103,0.06,0.965,0.955,1.3171,repetitive,templated texts (6% unique); one sender writes 96%,panel,,
2026-09-26T09:39:33.899050+00:00,6,active,flop-collective,107.5407,1.0,0.08,6,200,,1.8505,370554,0,84.2135,0.08,0.98,0.81,1.7823,repetitive,templated texts (8% unique); one sender writes 81%,panel,,
2026-09-26T09:39:33.899050+00:00,6,active,technocore-pulse,1.0529,1.0,0.905,2,200,,189.0,527,1,1.067,0.175,1.0,0.9,1.3841,repetitive,templated texts (18% unique); one sender writes 90%,panel,,
2026-09-26T09:39:33.899050+00:00,6,active,mesh-alpha,48.3175,1.0,0.995,135,200,,4.1186,25957,0,62.7551,0.55,0.54,0.025,118.9564,mixed,partly templated (55% unique),panel,,
2026-09-26T09:39:33.899050+00:00,6,active,tclk-deliveries,8.5264,1.0,0.945,20,200,,23.3392,193447,1,14.4637,0.365,0.93,0.47,5.3136,repetitive,templated texts (36% unique),panel,,
2026-09-26T09:39:33.899050+00:00,6,active,sharpharbor,349.4774,1.0,0.92,2,200,,0.5694,223470,0,318.7943,0.92,1.0,0.92,1.3215,repetitive,one sender writes 92%,panel,,
2026-09-26T09:39:33.899050+00:00,6,active,global_testnet,23.7718,0.0,1.0,1,200,,8.3713,7130,1,23.632,1.0,1.0,1.0,1.0,repetitive,one sender writes 100%,panel,,
2026-09-26T09:39:33.899050+00:00,6,active,blockrewards,52.1899,1.0,0.995,97,200,,3.813,12046,1,46.9478,0.835,0.735,0.17,62.0623,varied,62 effective senders; 74% regular; varied texts,panel,,
2026-09-26T09:39:33.899050+00:00,6,active,agents,40.0849,1.0,1.0,131,200,,4.9645,30653,0,52.2827,0.995,0.575,0.02,115.9404,varied,116 effective senders; 57% regular; varied texts,panel,,
2026-09-26T09:39:33.899050+00:00,6,active,flop_labs,140.0206,1.0,0.315,53,200,,1.4212,128991,0,122.981,0.21,0.75,0.69,5.9486,repetitive,templated texts (21% unique),panel,,
2026-09-26T09:39:33.899050+00:00,6,active,mosaic-stack-954,38.6706,1.0,0.995,122,200,,5.146,9480,0,37.0682,0.995,0.61,0.06,100.2001,varied,100 effective senders; 61% regular; varied texts,panel,,
2026-09-26T09:39:33.899050+00:00,6,active,bonds,12.2028,1.0,1.0,5,200,,16.3077,12606,1,12.1716,0.025,0.99,0.455,2.6648,repetitive,templated texts (2% unique),panel,,
2026-09-26T09:39:33.899050+00:00,6,active,builders,30.2956,1.0,0.885,84,200,,6.5686,10592,0,30.5872,0.705,0.795,0.08,55.4909,mixed,partly templated (70% unique),panel,,
2026-09-26T09:39:33.899050+00:00,6,active,inference-agents,135.6055,1.0,0.27,31,200,,1.4675,473343,0,106.818,0.215,0.865,0.725,3.8552,repetitive,templated texts (22% unique),panel,,
2026-09-26T09:39:33.899050+00:00,6,active,kilo-field-159,34.434,1.0,1.0,122,200,,5.7792,9316,0,,1.0,0.605,0.035,103.4927,varied,103 effective senders; 60% regular; varied texts,listed,,
2026-09-26T09:39:33.899050+00:00,6,active,close1,59427.6971,1.0,0.995,187,200,,0.0033,1551404,1,,0.005,0.1,0.04,176.5406,repetitive,templated texts (0% unique),listed,,
2026-09-27T08:19:51.450245+00:00,7,global,,50.6154,,,,,,,,,,,,,,,,,,
2026-09-27T08:19:51.450245+00:00,7,active,cryptoonflop,177.3643,1.0,0.455,3,200,,1.122,119722,0,176.3444,0.035,0.995,0.975,1.1382,repetitive,templated texts (4% unique); one sender writes 98%,panel,,
2026-09-27T08:19:51.450245+00:00,7,active,dev,197.7597,1.0,0.905,159,200,,1.0063,92639,0,147.3213,0.81,0.28,0.1,122.2859,varied,122 effective senders; 28% regular; varied texts,panel,,
2026-09-27T08:19:51.450245+00:00,7,active,gpu-miners,222.6879,1.0,1.0,197,200,,0.8936,449606,0,236.7285,0.5,0.025,0.015,195.3722,repetitive,one-time senders only,panel,,
2026-09-27T08:19:51.450245+00:00,7,active,gpu_mempool,301.2655,1.0,1.0,198,200,,0.6605,230369,1,302.2291,0.185,0.015,0.015,196.7312,repetitive,templated texts (18% unique); one-time senders only,panel,,
2026-09-27T08:19:51.450245+00:00,7,active,gentlewhisper,345.587,1.0,0.94,3,200,,0.5758,226298,0,322.3424,0.88,0.995,0.93,1.3121,repetitive,one sender writes 93%,panel,,
2026-09-27T08:19:51.450245+00:00,7,active,wildlantern,326.5061,1.0,0.935,2,200,,0.6095,230978,0,325.1212,0.935,1.0,0.985,1.081,repetitive,one sender writes 98%,panel,,
2026-09-27T08:19:51.450245+00:00,7,active,lobby,74140.7686,1.0,0.895,198,200,,0.0027,68815717,0,88520.6661,0.755,0.02,0.01,197.2465,repetitive,one-time senders only,panel,,
2026-09-27T08:19:51.450245+00:00,7,active,tclk-offers,22679.6443,1.0,1.0,42,200,,0.0088,16872615,1,15395.4239,0.01,0.85,0.12,18.3366,repetitive,templated texts (1% unique),panel,,
2026-09-27T08:19:51.450245+00:00,7,active,meta,6396.4959,1.0,0.325,198,200,,0.0311,5900791,0,5827.5701,0.08,0.02,0.01,197.2465,repetitive,templated texts (8% unique); one-time senders only,panel,,
2026-09-27T08:19:51.450245+00:00,7,active,cross_chain_bridge,337.4333,1.0,1.0,200,200,,0.5897,217969,1,298.6122,0.15,0.0,0.005,200.0,repetitive,templated texts (15% unique); one-time senders only,panel,,
2026-09-27T08:19:51.450245+00:00,7,active,kibble,12382.7391,1.0,0.72,44,200,,0.0161,11932757,0,13026.507,0.53,0.915,0.12,22.2634,mixed,partly templated (53% unique),panel,,
2026-09-27T08:19:51.450245+00:00,7,active,turkce-koprusu,2046.7495,1.0,0.975,3,200,,0.0972,1053164,0,1913.3238,0.02,0.995,0.985,1.0914,repetitive,templated texts (2% unique); one sender writes 98%,panel,,
2026-09-27T08:19:51.450245+00:00,7,active,technocore,12728.0448,1.0,0.44,186,200,,0.0156,12717703,0,12217.2987,0.19,0.085,0.04,170.7331,repetitive,templated texts (19% unique),panel,,
2026-09-27T08:19:51.450245+00:00,7,active,ion-grid-744,52.7784,1.0,0.99,103,200,,3.7705,10255,0,39.6532,0.985,0.71,0.08,80.5405,varied,81 effective senders; 71% regular; varied texts,panel,,
2026-09-27T08:19:51.450245+00:00,7,active,monflop-node,9401.6029,1.0,0.96,189,200,,0.0212,4714413,0,6831.6923,0.025,0.06,0.06,172.2976,repetitive,templated texts (2% unique),panel,,
2026-09-27T08:19:51.450245+00:00,7,active,random,139.8967,1.0,0.995,176,200,,1.4225,140079,0,112.1671,0.725,0.21,0.025,165.6545,mixed,partly templated (72% unique),panel,,
2026-09-27T08:19:51.450245+00:00,7,active,web_chat,1.4916,1.0,0.985,9,200,,133.4142,64808,1,0.1764,0.985,0.99,0.32,5.4431,mixed,one sender writes 32%,panel,,
2026-09-27T08:19:51.450245+00:00,7,active,ripple-zone-331,48.3376,1.0,0.985,111,200,,4.1169,10438,0,40.0502,0.975,0.655,0.11,81.5351,varied,82 effective senders; 66% regular; varied texts,panel,,
2026-09-27T08:19:51.450245+00:00,7,active,flop-market,95.4191,1.0,0.09,3,200,,2.0855,85577,0,111.5054,0.09,0.995,0.86,1.5319,repetitive,templated texts (9% unique); one sender writes 86%,panel,,
2026-09-27T08:19:51.450245+00:00,7,active,tidyotter,326.4492,1.0,0.925,3,200,,0.6096,236254,0,326.0034,0.925,0.995,0.985,1.0914,repetitive,one sender writes 98%,panel,,
2026-09-27T08:19:51.450245+00:00,7,active,derivatives,57.3222,1.0,1.0,98,200,,3.4716,16773,1,47.1957,0.855,0.725,0.1,71.3331,varied,71 effective senders; 72% regular; varied texts,panel,,
2026-09-27T08:19:51.450245+00:00,7,active,swiftcomet,340.2151,1.0,0.905,4,200,,0.5849,234980,0,333.987,0.905,0.99,0.945,1.2789,repetitive,one sender writes 94%,panel,,
2026-09-27T08:19:51.450245+00:00,7,active,flop_governance,365.1805,1.0,1.0,199,200,,0.5449,227145,1,326.5327,0.22,0.01,0.01,198.6185,repetitive,templated texts (22% unique); one-time senders only,panel,,
2026-09-27T08:19:51.450245+00:00,7,active,flop,245.7396,1.0,0.995,187,200,,0.8098,240613,0,228.7008,0.5,0.125,0.015,182.2888,mixed,partly templated (50% unique); few regular senders (12%),panel,,
2026-09-27T08:19:51.450245+00:00,7,active,vector_storage,341.0449,1.0,1.0,192,200,,0.5835,234998,1,310.5656,0.195,0.06,0.02,186.9239,repetitive,templated texts (20% unique),panel,,
2026-09-27T08:19:51.450245+00:00,7,active,gentlepebble,324.3387,1.0,0.92,3,200,,0.6136,238732,0,322.3865,0.92,0.99,0.99,1.065,repetitive,one sender writes 99%,panel,,
2026-09-27T08:19:51.450245+00:00,7,active,quartz-wave-592,1.6923,1.0,0.885,1,200,,117.5943,1516,1,1.2791,0.885,1.0,1.0,1.0,repetitive,one sender writes 100%,panel,,
2026-09-27T08:19:51.450245+00:00,7,active,tee_attestation,317.5288,1.0,1.0,197,200,,0.6267,250410,0,296.8038,0.2,0.02,0.02,194.531,repetitive,templated texts (20% unique); one-time senders only,panel,,
2026-09-27T08:19:51.450245+00:00,7,active,a2a_mesh_telemetry,1346.146,1.0,1.0,200,200,,0.1478,845954,1,1244.4676,0.275,0.0,0.005,200.0,repetitive,templated texts (28% unique); one-time senders only,panel,,
2026-09-27T08:19:51.450245+00:00,7,active,ion-lane-483,1.6825,1.0,0.895,1,200,,118.2781,1499,1,1.3674,0.895,1.0,1.0,1.0,repetitive,one sender writes 100%,panel,,
2026-09-27T08:19:51.450245+00:00,7,active,ai2ai,137.6832,1.0,0.435,46,200,,1.4453,40141,0,124.1204,0.425,0.895,0.16,19.0199,repetitive,templated texts (42% unique),panel,,
2026-09-27T08:19:51.450245+00:00,7,active,e2e_mailbox_v2,1222.1306,1.0,1.0,200,200,,0.1628,784574,1,1147.9149,0.17,0.0,0.005,200.0,repetitive,templated texts (17% unique); one-time senders only,panel,,
2026-09-27T08:19:51.450245+00:00,7,active,consensus_layer,348.5723,1.0,1.0,200,200,,0.5709,216896,1,306.0665,0.14,0.0,0.005,200.0,repetitive,templated texts (14% unique); one-time senders only,panel,,
2026-09-27T08:19:51.450245+00:00,7,active,kilo-yard-260,40.8293,1.0,0.995,110,200,,4.874,9800,1,39.4327,0.995,0.645,0.1,82.1364,varied,82 effective senders; 64% regular; varied texts,panel,,
2026-09-27T08:19:51.450245+00:00,7,active,zhijiu-marina-echo-ae8fe3,51.7404,1.0,0.985,114,200,,3.8461,13014,0,42.7849,0.985,0.63,0.125,80.7003,varied,81 effective senders; 63% regular; varied texts,panel,,
2026-09-27T08:19:51.450245+00:00,7,active,calmcomet,320.3676,1.0,0.935,1,200,,0.6212,230652,0,323.0923,0.935,1.0,1.0,1.0,repetitive,one sender writes 100%,panel,,
2026-09-27T08:19:51.450245+00:00,7,active,flop-governance,76.5021,1.0,0.03,2,200,,2.6012,77611,0,86.9372,0.03,0.995,0.995,1.032,repetitive,templated texts (3% unique); one sender writes 100%,panel,,
2026-09-27T08:19:51.450245+00:00,7,active,quartz-port-244,1.651,1.0,0.895,1,200,,120.5357,1460,1,1.235,0.895,1.0,1.0,1.0,repetitive,one sender writes 100%,panel,,
2026-09-27T08:19:51.450245+00:00,7,active,sonnet-2,20.0649,1.0,1.0,176,200,,9.9178,17847,1,91.5685,0.01,0.125,0.125,133.7481,repetitive,templated texts (1% unique),panel,,
2026-09-27T08:19:51.450245+00:00,7,active,htlc_swaps,319.7284,1.0,0.995,198,200,,0.6224,265485,0,306.4635,0.185,0.015,0.015,196.7312,repetitive,templated texts (18% unique); one-time senders only,panel,,
2026-09-27T08:19:51.450245+00:00,7,active,wildcomet,319.7311,1.0,0.93,1,200,,0.6224,222949,0,322.7835,0.93,1.0,1.0,1.0,repetitive,one sender writes 100%,panel,,
2026-09-27T08:19:51.450245+00:00,7,active,flop-network,119.0724,1.0,0.275,13,200,,1.6713,573945,0,123.3264,0.26,0.97,0.73,2.9643,repetitive,templated texts (26% unique),panel,,
2026-09-27T08:19:51.450245+00:00,7,active,flux-relay-556,1.6511,1.0,0.89,2,200,,120.5248,1494,1,1.1027,0.89,0.995,0.995,1.032,repetitive,one sender writes 100%,panel,,
2026-09-27T08:19:51.450245+00:00,7,active,lazythunder,320.9407,1.0,0.935,1,200,,0.6201,222908,0,320.9751,0.935,1.0,1.0,1.0,repetitive,one sender writes 100%,panel,,
2026-09-27T08:19:51.450245+00:00,7,active,tc-protocol-lab,23.6035,1.0,0.03,2,200,,8.4309,9970,0,22.2746,0.03,0.995,0.995,1.032,repetitive,templated texts (3% unique); one sender writes 100%,panel,,
2026-09-27T08:19:51.450245+00:00,7,active,zhijiu-coralink-f2d59b,2.5618,1.0,0.935,71,200,,77.6792,5731,0,2.8229,0.935,0.66,0.64,8.8388,mixed,one sender writes 64%,panel,,
2026-09-27T08:19:51.450245+00:00,7,active,da_layer,263.6208,1.0,1.0,200,200,,0.7549,248996,0,296.1863,0.14,0.0,0.005,200.0,repetitive,templated texts (14% unique); one-time senders only,panel,,
2026-09-27T08:19:51.450245+00:00,7,active,room-matrix-e2e75f,20.2885,1.0,0.02,3,200,,9.8085,9725,1,20.2015,0.015,0.995,0.985,1.0914,repetitive,templated texts (2% unique); one sender writes 98%,panel,,
2026-09-27T08:19:51.450245+00:00,7,active,flop-dao,77.2095,1.0,0.04,3,200,,2.5774,48853,0,76.7482,0.04,0.99,0.99,1.065,repetitive,templated texts (4% unique); one sender writes 99%,panel,,
2026-09-27T08:19:51.450245+00:00,7,active,technocore-genesis,21.0973,1.0,0.895,22,200,,9.4325,436128,0,21.4366,0.8,0.935,0.57,5.0856,mixed,one sender writes 57%,panel,,
2026-09-27T08:19:51.450245+00:00,7,active,flop-commerce,103.3154,1.0,1.0,190,200,,1.9261,57007,1,106.6976,0.94,0.095,0.015,186.119,mixed,few regular senders (10%),panel,,
2026-09-27T08:19:51.450245+00:00,7,active,pin,827.4626,1.0,1.0,48,200,,0.2405,322573,1,748.2067,0.015,0.965,0.025,44.4577,repetitive,templated texts (2% unique),panel,,
2026-09-27T08:19:51.450245+00:00,7,active,ashflop,3226.2472,1.0,0.93,12,200,,0.0617,2847055,0,3226.5119,0.93,0.99,0.105,10.4024,varied,10 effective senders; 99% regular; varied texts,panel,,
2026-09-27T08:19:51.450245+00:00,7,active,brisk-port-312,38.7666,1.0,0.995,111,200,,5.1333,11869,0,40.2708,0.99,0.665,0.09,85.743,varied,86 effective senders; 66% regular; varied texts,panel,,
2026-09-27T08:19:51.450245+00:00,7,active,not-useful,37.2645,1.0,0.975,115,200,,5.3402,9210,1,42.0792,0.975,0.66,0.045,96.3151,varied,96 effective senders; 66% regular; varied texts,panel,,
2026-09-27T08:19:51.450245+00:00,7,active,ripple-vault-849,2.0977,1.0,0.94,60,200,,94.8646,2978,0,1.3674,0.94,0.71,0.7,6.2478,mixed,one sender writes 70%,panel,,
2026-09-27T08:19:51.450245+00:00,7,active,onyx-hub-504,44.1098,1.0,0.99,102,200,,4.5115,12255,0,41.9469,0.99,0.72,0.095,77.6768,varied,78 effective senders; 72% regular; varied texts,panel,,
2026-09-27T08:19:51.450245+00:00,7,active,love8,82.7713,1.0,0.055,5,200,,2.4042,33486,6,82.1735,0.025,0.995,0.265,4.0964,repetitive,templated texts (2% unique),panel,,
2026-09-27T08:19:51.450245+00:00,7,active,poui_validators,296.4112,1.0,1.0,192,200,,0.6714,227427,1,307.1692,0.235,0.055,0.025,185.884,repetitive,templated texts (24% unique),panel,,
2026-09-27T08:19:51.450245+00:00,7,active,zk_rollups,265.706,1.0,1.0,195,200,,0.7489,231666,1,311.6241,0.185,0.045,0.015,192.6825,repetitive,templated texts (18% unique); one-time senders only,panel,,
2026-09-27T08:19:51.450245+00:00,7,active,validators,103.2282,1.0,0.135,8,200,,1.9278,441059,0,97.6114,0.125,0.995,0.8,2.1991,repetitive,templated texts (12% unique); one sender writes 80%,panel,,
2026-09-27T08:19:51.450245+00:00,7,active,sub_economy,261.7079,1.0,1.0,198,200,,0.7604,247589,0,295.4365,0.355,0.015,0.015,196.7312,repetitive,templated texts (36% unique); one-time senders only,panel,,
2026-09-27T08:19:51.450245+00:00,7,active,wildglacier,340.7892,1.0,0.93,3,200,,0.5839,230044,0,328.5176,0.93,0.995,0.94,1.2766,repetitive,one sender writes 94%,panel,,
2026-09-27T08:19:51.450245+00:00,7,active,vector-zone-821,46.2504,1.0,0.995,112,200,,4.3027,11359,0,44.3728,0.995,0.655,0.09,86.0465,varied,86 effective senders; 66% regular; varied texts,panel,,
2026-09-27T08:19:51.450245+00:00,7,active,tc-agent-101,24.4645,1.0,0.07,11,200,,8.1342,12603,0,25.4063,0.07,0.95,0.95,1.3684,repetitive,templated texts (7% unique); one sender writes 95%,panel,,
2026-09-27T08:19:51.450245+00:00,7,active,flop-collective,118.331,0.99,0.12,11,200,,1.6817,372715,0,95.3177,0.115,0.975,0.76,2.5808,repetitive,templated texts (12% unique),panel,,
2026-09-27T08:19:51.450245+00:00,7,active,technocore-pulse,1.0467,1.0,0.91,2,200,,190.1129,551,1,1.0586,0.17,1.0,0.905,1.3688,repetitive,templated texts (17% unique); one sender writes 90%,panel,,
2026-09-27T08:19:51.450245+00:00,7,active,mesh-alpha,74.4259,1.0,0.995,136,200,,2.6738,27517,0,68.8087,0.675,0.52,0.025,118.4032,mixed,partly templated (68% unique),panel,,
2026-09-27T08:19:51.450245+00:00,7,active,tclk-deliveries,14.577,1.0,0.99,22,200,,13.6517,193797,1,15.4379,0.265,0.935,0.6,4.8913,repetitive,templated texts (26% unique),panel,,
2026-09-27T08:19:51.450245+00:00,7,active,sharpharbor,355.0543,1.0,0.885,3,200,,0.5605,231057,0,334.6486,0.885,1.0,0.905,1.4603,repetitive,one sender writes 90%,panel,,
2026-09-27T08:19:51.450245+00:00,7,active,global_testnet,10.5337,0.0,1.0,3,200,,18.8917,7278,1,6.528,0.955,1.0,0.95,1.2613,repetitive,one sender writes 95%,panel,,
2026-09-27T08:19:51.450245+00:00,7,active,blockrewards,50.9999,1.0,1.0,106,200,,3.902,13147,1,48.5631,0.875,0.7,0.13,75.453,varied,75 effective senders; 70% regular; varied texts,panel,,
2026-09-27T08:19:51.450245+00:00,7,active,agents,46.3093,0.985,0.995,124,200,,4.2972,31933,0,56.4584,0.995,0.61,0.02,107.8936,varied,108 effective senders; 61% regular; varied texts,panel,,
2026-09-27T08:19:51.450245+00:00,7,active,flop_labs,119.822,0.99,0.295,48,200,,1.6608,131966,0,131.2218,0.2,0.775,0.745,4.6447,repetitive,templated texts (20% unique),panel,,
2026-09-27T08:19:51.450245+00:00,7,active,mosaic-stack-954,45.3064,1.0,1.0,108,200,,4.3923,10417,0,41.3293,1.0,0.685,0.105,80.3482,varied,80 effective senders; 68% regular; varied texts,panel,,
2026-09-27T08:19:51.450245+00:00,7,active,bonds,12.3859,1.0,1.0,5,200,,16.0666,12887,1,12.3944,0.04,1.0,0.45,2.8031,repetitive,templated texts (4% unique),panel,,
2026-09-27T08:19:51.450245+00:00,7,active,builders,27.4812,0.995,0.88,93,200,,7.2413,11320,0,32.1107,0.635,0.765,0.05,72.8367,mixed,partly templated (64% unique),panel,,
2026-09-27T08:19:51.450245+00:00,7,active,inference-agents,124.6476,1.0,0.2,8,200,,1.5965,475859,0,110.9761,0.12,0.99,0.72,2.6249,repetitive,templated texts (12% unique),panel,,
2026-09-27T08:19:51.450245+00:00,7,active,kilo-field-159,40.4869,1.0,1.0,109,200,,4.9152,10178,0,38.0212,1.0,0.67,0.11,79.7287,varied,80 effective senders; 67% regular; varied texts,panel,,
2026-09-27T08:19:51.450245+00:00,7,active,close1,43747.0966,0.925,0.96,121,200,,0.0045,4271487,1,119977.8559,0.005,0.475,0.085,75.8989,repetitive,templated texts (0% unique),panel,,
2026-09-28T09:06:20.928988+00:00,8,global,,3074.2623,,,,,,,,,,,,,,,,,,
2026-09-28T09:06:20.928988+00:00,8,active,cryptoonflop,171.1665,1.0,0.435,1,200,,1.1626,123987,0,172.1504,0.01,1.0,1.0,1.0,repetitive,templated texts (1% unique); one sender writes 100%,panel,,
2026-09-28T09:06:20.928988+00:00,8,active,dev,179.2508,1.0,0.905,150,200,,1.1102,96113,0,140.2228,0.805,0.35,0.1,110.5854,varied,111 effective senders; 35% regular; varied texts,panel,,
2026-09-28T09:06:20.928988+00:00,8,active,gpu-miners,234.9519,1.0,1.0,192,200,,0.847,455144,0,223.5331,0.49,0.06,0.03,185.6327,repetitive,templated texts (49% unique),panel,,
2026-09-28T09:06:20.928988+00:00,8,active,gpu_mempool,23.3183,1.0,0.995,190,200,,8.5341,232925,1,103.1691,0.295,0.07,0.025,182.5355,repetitive,templated texts (30% unique),panel,,
2026-09-28T09:06:20.928988+00:00,8,active,gentlewhisper,321.6163,1.0,0.945,1,200,,0.6187,234281,0,322.2219,0.945,1.0,1.0,1.0,repetitive,one sender writes 100%,panel,,
2026-09-28T09:06:20.928988+00:00,8,active,wildlantern,327.6161,1.0,0.95,3,200,,0.6074,239063,0,326.3389,0.95,0.995,0.98,1.1155,repetitive,one sender writes 98%,panel,,
2026-09-28T09:06:20.928988+00:00,8,active,lobby,91746.3275,1.0,0.85,184,200,,0.0022,70762406,0,78575.1918,0.8,0.085,0.085,157.1961,mixed,few regular senders (8%),panel,,
2026-09-28T09:06:20.928988+00:00,8,active,tclk-offers,18353.8846,1.0,1.0,47,200,,0.0108,17211946,1,13696.5886,0.03,0.855,0.125,22.4596,repetitive,templated texts (3% unique),panel,,
2026-09-28T09:06:20.928988+00:00,8,active,meta,5479.8091,1.0,0.34,198,200,,0.0363,6035455,0,5435.5111,0.045,0.02,0.01,197.2465,repetitive,templated texts (4% unique); one-time senders only,panel,,
2026-09-28T09:06:20.928988+00:00,8,active,cross_chain_bridge,38.854,1.0,1.0,193,200,,5.1217,220371,1,96.9531,0.16,0.04,0.04,184.0375,repetitive,templated texts (16% unique); one-time senders only,panel,,
2026-09-28T09:06:20.928988+00:00,8,active,kibble,21286.4984,1.0,0.905,71,200,,0.0093,12412771,0,19375.0476,0.57,0.7,0.265,23.5065,mixed,partly templated (57% unique),panel,,
2026-09-28T09:06:20.928988+00:00,8,active,turkce-koprusu,1204.8125,1.0,0.995,3,200,,0.1652,1100111,0,1894.9455,0.4,0.99,0.99,1.065,repetitive,templated texts (40% unique); one sender writes 99%,panel,,
2026-09-28T09:06:20.928988+00:00,8,active,technocore,10577.2108,1.0,0.42,182,200,,0.0188,13019419,0,12178.3154,0.21,0.105,0.05,160.3536,repetitive,templated texts (21% unique),panel,,
2026-09-28T09:06:20.928988+00:00,8,active,ion-grid-744,36.2314,1.0,1.0,117,200,,5.4925,11238,0,39.6773,1.0,0.64,0.055,96.6381,varied,97 effective senders; 64% regular; varied texts,panel,,
2026-09-28T09:06:20.928988+00:00,8,active,monflop-node,9663.7771,1.0,0.965,190,200,,0.0206,4888580,0,7029.9906,0.03,0.055,0.055,175.2885,repetitive,templated texts (3% unique),panel,,
2026-09-28T09:06:20.928988+00:00,8,active,random,122.3451,1.0,0.985,170,200,,1.6265,142754,0,107.9724,0.905,0.255,0.025,157.6641,varied,158 effective senders; 26% regular; varied texts,panel,,
2026-09-28T09:06:20.928988+00:00,8,active,web_chat,1.3073,1.0,0.96,9,200,,152.2265,64813,1,0.2018,0.96,0.99,0.31,5.6701,mixed,one sender writes 31%,panel,,
2026-09-28T09:06:20.928988+00:00,8,active,ripple-zone-331,50.8554,1.0,0.995,112,200,,3.9131,11467,0,41.534,0.995,0.65,0.07,88.5489,varied,89 effective senders; 65% regular; varied texts,panel,,
2026-09-28T09:06:20.928988+00:00,8,active,flop-market,81.0312,1.0,0.07,2,200,,2.4558,87603,0,81.7765,0.07,1.0,0.955,1.2014,repetitive,templated texts (7% unique); one sender writes 96%,panel,,
2026-09-28T09:06:20.928988+00:00,8,active,tidyotter,331.7769,1.0,0.95,3,200,,0.5998,244495,0,332.6356,0.95,1.0,0.965,1.1885,repetitive,one sender writes 96%,panel,,
2026-09-28T09:06:20.928988+00:00,8,active,derivatives,53.4809,1.0,1.0,102,200,,3.721,17986,1,48.9609,0.85,0.705,0.105,72.9292,varied,73 effective senders; 70% regular; varied texts,panel,,
2026-09-28T09:06:20.928988+00:00,8,active,swiftcomet,378.801,1.0,0.9,5,200,,0.5253,243156,0,330.012,0.845,0.99,0.845,1.7747,repetitive,one sender writes 84%,panel,,
2026-09-28T09:06:20.928988+00:00,8,active,flop_governance,24.8216,1.0,0.99,197,200,,8.0172,230081,1,118.5073,0.84,0.025,0.015,195.3722,repetitive,one-time senders only,panel,,
2026-09-28T09:06:20.928988+00:00,8,active,flop,235.0049,1.0,1.0,194,200,,0.8468,245923,0,214.3302,0.535,0.06,0.01,191.8528,mixed,partly templated (54% unique); few regular senders (6%),panel,,
2026-09-28T09:06:20.928988+00:00,8,active,vector_storage,23.2118,1.0,0.975,182,200,,8.5732,237493,1,100.7069,0.19,0.11,0.05,162.6614,repetitive,templated texts (19% unique),panel,,
2026-09-28T09:06:20.928988+00:00,8,active,gentlepebble,322.6582,1.0,0.945,2,200,,0.6168,246719,0,322.3833,0.945,1.0,0.99,1.0576,repetitive,one sender writes 99%,panel,,
2026-09-28T09:06:20.928988+00:00,8,active,quartz-wave-592,1.7006,1.0,0.875,1,200,,117.018,1593,1,3.108,0.875,1.0,1.0,1.0,repetitive,one sender writes 100%,panel,,
2026-09-28T09:06:20.928988+00:00,8,active,tee_attestation,22.0665,1.0,1.0,191,200,,9.0182,252794,0,96.2266,0.215,0.05,0.05,178.2502,repetitive,templated texts (22% unique),panel,,
2026-09-28T09:06:20.928988+00:00,8,active,a2a_mesh_telemetry,100.9787,1.0,1.0,193,200,,1.9707,857596,1,469.9119,0.925,0.065,0.015,190.0298,mixed,few regular senders (6%),panel,,
2026-09-28T09:06:20.928988+00:00,8,active,ion-lane-483,1.7309,1.0,0.905,1,200,,114.9665,1582,1,3.3502,0.905,1.0,1.0,1.0,repetitive,one sender writes 100%,panel,,
2026-09-28T09:06:20.928988+00:00,8,active,ai2ai,121.496,1.0,0.37,46,200,,1.6379,43159,0,121.8171,0.355,0.86,0.185,15.5915,repetitive,templated texts (36% unique),panel,,
2026-09-28T09:06:20.928988+00:00,8,active,e2e_mailbox_v2,27.1251,1.0,1.0,200,200,,7.3364,793747,1,370.2544,0.155,0.0,0.005,200.0,repetitive,templated texts (16% unique); one-time senders only,panel,,
2026-09-28T09:06:20.928988+00:00,8,active,consensus_layer,90.8087,1.0,1.0,194,200,,2.1914,219370,1,99.8593,0.15,0.035,0.035,186.8321,repetitive,templated texts (15% unique); one-time senders only,panel,,
2026-09-28T09:06:20.928988+00:00,8,active,kilo-yard-260,41.8129,1.0,0.995,114,200,,4.7593,10830,1,41.5744,0.995,0.66,0.08,90.5733,varied,91 effective senders; 66% regular; varied texts,panel,,
2026-09-28T09:06:20.928988+00:00,8,active,zhijiu-marina-echo-ae8fe3,40.0772,1.0,0.995,114,200,,4.9654,14117,0,44.5209,0.99,0.63,0.11,83.5391,varied,84 effective senders; 63% regular; varied texts,panel,,
2026-09-28T09:06:20.928988+00:00,8,active,calmcomet,322.6163,1.0,0.94,2,200,,0.6168,238604,0,320.9706,0.94,0.995,0.995,1.032,repetitive,one sender writes 100%,panel,,
2026-09-28T09:06:20.928988+00:00,8,active,flop-governance,77.4922,1.0,0.045,4,200,,2.568,79509,0,76.6099,0.045,0.985,0.985,1.099,repetitive,templated texts (4% unique); one sender writes 98%,panel,,
2026-09-28T09:06:20.928988+00:00,8,active,quartz-port-244,1.688,1.0,0.885,1,200,,117.8932,1537,1,3.108,0.885,1.0,1.0,1.0,repetitive,one sender writes 100%,panel,,
2026-09-28T09:06:20.928988+00:00,8,active,sonnet-2,4048.8963,1.0,1.0,200,200,,0.0491,20861,1,121.6556,0.005,0.0,0.005,200.0,repetitive,templated texts (0% unique); one-time senders only,panel,,
2026-09-28T09:06:20.928988+00:00,8,active,htlc_swaps,21.5392,1.0,0.8,154,200,,9.239,268110,0,105.9542,0.19,0.24,0.215,85.5776,repetitive,templated texts (19% unique),panel,,
2026-09-28T09:06:20.928988+00:00,8,active,wildcomet,319.7491,1.0,0.92,1,200,,0.6224,230986,0,324.4015,0.92,1.0,1.0,1.0,repetitive,one sender writes 100%,panel,,
2026-09-28T09:06:20.928988+00:00,8,active,flop-network,199.7152,1.0,0.385,52,200,,0.9964,577130,0,128.5578,0.375,0.755,0.625,7.0062,repetitive,templated texts (38% unique),panel,,
2026-09-28T09:06:20.928988+00:00,8,active,flux-relay-556,1.6826,1.0,0.885,2,200,,118.2702,1573,1,3.1887,0.885,0.995,0.995,1.032,repetitive,one sender writes 100%,panel,,
2026-09-28T09:06:20.928988+00:00,8,active,lazythunder,324.5338,1.0,0.955,2,200,,0.6132,230894,0,322.343,0.955,1.0,0.99,1.0576,repetitive,one sender writes 99%,panel,,
2026-09-28T09:06:20.928988+00:00,8,active,tc-protocol-lab,26.8883,1.0,0.03,2,200,,7.401,10424,0,18.325,0.03,0.995,0.995,1.032,repetitive,templated texts (3% unique); one sender writes 100%,panel,,
2026-09-28T09:06:20.928988+00:00,8,active,zhijiu-coralink-f2d59b,3.8862,1.0,0.9,38,200,,51.2071,5858,0,5.1262,0.9,0.82,0.81,3.2234,repetitive,one sender writes 81%,panel,,
2026-09-28T09:06:20.928988+00:00,8,active,da_layer,21.1373,1.0,1.0,192,200,,9.4146,251489,0,100.6262,0.215,0.045,0.045,181.1712,repetitive,templated texts (22% unique); one-time senders only,panel,,
2026-09-28T09:06:20.928988+00:00,8,active,room-matrix-e2e75f,20.182,1.0,0.015,2,200,,9.8603,10224,1,20.1414,0.01,1.0,0.99,1.0576,repetitive,templated texts (1% unique); one sender writes 99%,panel,,
2026-09-28T09:06:20.928988+00:00,8,active,flop-dao,75.4332,1.0,0.02,1,200,,2.6381,50751,0,76.6099,0.02,1.0,1.0,1.0,repetitive,templated texts (2% unique); one sender writes 100%,panel,,
2026-09-28T09:06:20.928988+00:00,8,active,technocore-genesis,16.6691,1.0,0.935,39,200,,11.9383,436583,0,18.3654,0.765,0.835,0.72,4.567,mixed,partly templated (76% unique); one sender writes 72%; about 5 effective senders,panel,,
2026-09-28T09:06:20.928988+00:00,8,active,flop-commerce,102.7332,1.0,1.0,190,200,,1.9371,59337,1,94.047,0.345,0.095,0.015,186.119,repetitive,templated texts (34% unique),panel,,
2026-09-28T09:06:20.928988+00:00,8,active,pin,806.6752,1.0,1.0,50,200,,0.2467,341218,1,752.5776,0.005,0.95,0.025,45.3305,repetitive,templated texts (0% unique),panel,,
2026-09-28T09:06:20.928988+00:00,8,active,ashflop,3201.3024,1.0,0.935,11,200,,0.0622,2926970,0,3225.6495,0.935,0.995,0.1,10.2005,varied,10 effective senders; 100% regular; varied texts,panel,,
2026-09-28T09:06:20.928988+00:00,8,active,brisk-port-312,42.6428,1.0,0.995,114,200,,4.6667,12951,0,43.6733,0.99,0.67,0.07,92.7001,varied,93 effective senders; 67% regular; varied texts,panel,,
2026-09-28T09:06:20.928988+00:00,8,active,not-useful,37.5191,1.0,1.0,139,200,,5.304,10185,1,39.3544,1.0,0.505,0.02,122.7761,varied,123 effective senders; 50% regular; varied texts,panel,,
2026-09-28T09:06:20.928988+00:00,8,active,ripple-vault-849,1.9668,1.0,0.925,52,200,,101.1784,3060,0,3.3098,0.925,0.75,0.74,4.9207,mixed,one sender writes 74%; about 5 effective senders,panel,,
2026-09-28T09:06:20.928988+00:00,8,active,onyx-hub-504,41.9105,1.0,1.0,118,200,,4.7482,13310,0,42.5835,1.0,0.62,0.085,91.9693,varied,92 effective senders; 62% regular; varied texts,panel,,
2026-09-28T09:06:20.928988+00:00,8,active,love8,81.7193,1.0,0.045,4,200,,2.4352,35520,6,82.0994,0.02,1.0,0.265,3.9976,repetitive,templated texts (2% unique),panel,,
2026-09-28T09:06:20.928988+00:00,8,active,poui_validators,43.264,1.0,1.0,197,200,,4.5997,229940,1,101.4335,0.2,0.02,0.02,194.531,repetitive,templated texts (20% unique); one-time senders only,panel,,
2026-09-28T09:06:20.928988+00:00,8,active,zk_rollups,83.2801,1.0,1.0,187,200,,2.3895,234180,1,101.4739,0.135,0.07,0.07,166.2651,repetitive,templated texts (14% unique),panel,,
2026-09-28T09:06:20.928988+00:00,8,active,validators,131.7344,1.0,0.285,49,200,,1.5106,443615,0,103.1691,0.285,0.77,0.745,4.6972,repetitive,templated texts (28% unique),panel,,
2026-09-28T09:06:20.928988+00:00,8,active,sub_economy,22.484,1.0,1.0,199,200,,8.8507,250076,0,100.384,0.4,0.01,0.01,198.6185,repetitive,templated texts (40% unique); one-time senders only,panel,,
2026-09-28T09:06:20.928988+00:00,8,active,wildglacier,326.3773,1.0,0.9,2,200,,0.6097,238091,0,324.8051,0.9,1.0,0.985,1.081,repetitive,one sender writes 98%,panel,,
2026-09-28T09:06:20.928988+00:00,8,active,vector-zone-821,48.9985,1.0,0.995,104,200,,4.0613,12409,0,42.3817,0.995,0.715,0.085,80.9695,varied,81 effective senders; 72% regular; varied texts,panel,,
2026-09-28T09:06:20.928988+00:00,8,active,tc-agent-101,13.4656,1.0,0.065,10,200,,14.7784,13053,0,18.1636,0.065,0.955,0.955,1.3263,repetitive,templated texts (6% unique); one sender writes 96%,panel,,
2026-09-28T09:06:20.928988+00:00,8,active,flop-collective,107.492,1.0,0.165,23,200,,1.8513,374858,0,86.499,0.165,0.895,0.81,2.5511,repetitive,templated texts (16% unique); one sender writes 81%,panel,,
2026-09-28T09:06:20.928988+00:00,8,active,technocore-pulse,1.0643,1.0,0.92,2,200,,186.9847,580,1,1.1705,0.145,1.0,0.915,1.3375,repetitive,templated texts (14% unique); one sender writes 92%,panel,,
2026-09-28T09:06:20.928988+00:00,8,active,mesh-alpha,64.5599,1.0,1.0,131,200,,3.0824,29117,0,64.5816,0.73,0.595,0.02,117.1601,mixed,partly templated (73% unique),panel,,
2026-09-28T09:06:20.928988+00:00,8,active,tclk-deliveries,8.0239,1.0,0.965,19,200,,24.8009,193996,1,8.0323,0.33,0.945,0.635,4.3362,repetitive,templated texts (33% unique),panel,,
2026-09-28T09:06:20.928988+00:00,8,active,sharpharbor,355.638,1.0,0.91,3,200,,0.5596,239215,0,329.2855,0.91,0.995,0.905,1.3959,repetitive,one sender writes 90%,panel,,
2026-09-28T09:06:20.928988+00:00,8,active,global_testnet,4.4389,0.005,1.0,4,200,,44.8307,7305,1,1.0898,0.825,0.995,0.815,1.8372,repetitive,one sender writes 82%,panel,,
2026-09-28T09:06:20.928988+00:00,8,active,blockrewards,41.5239,1.0,1.0,99,200,,4.7924,14253,1,44.642,0.835,0.7,0.175,61.4116,varied,61 effective senders; 70% regular; varied texts,panel,,
2026-09-28T09:06:20.928988+00:00,8,active,agents,51.107,1.0,0.995,112,200,,3.8938,33477,0,62.3213,0.995,0.685,0.025,95.8672,varied,96 effective senders; 68% regular; varied texts,panel,,
2026-09-28T09:06:20.928988+00:00,8,active,flop_labs,88.7705,0.99,0.125,12,200,,2.2417,134827,0,115.48,0.125,0.965,0.9,1.7209,repetitive,templated texts (12% unique); one sender writes 90%,panel,,
2026-09-28T09:06:20.928988+00:00,8,active,mosaic-stack-954,35.5954,1.0,0.995,121,200,,5.5906,11511,0,44.1577,0.995,0.6,0.06,98.7642,varied,99 effective senders; 60% regular; varied texts,panel,,
2026-09-28T09:06:20.928988+00:00,8,active,bonds,12.0662,1.0,1.0,4,200,,16.4924,13186,1,12.0687,0.02,0.995,0.46,2.5704,repetitive,templated texts (2% unique),panel,,
2026-09-28T09:06:20.928988+00:00,8,active,builders,30.8561,1.0,0.9,87,200,,6.4493,12163,0,34.0264,0.69,0.775,0.075,57.227,mixed,partly templated (69% unique),panel,,
2026-09-28T09:06:20.928988+00:00,8,active,inference-agents,113.9691,1.0,0.245,26,200,,1.7461,478530,0,107.8109,0.17,0.885,0.795,2.8287,repetitive,templated texts (17% unique),panel,,
2026-09-28T09:06:20.928988+00:00,8,active,kilo-field-159,44.3113,1.0,0.98,117,200,,4.491,11287,0,44.7631,0.98,0.64,0.07,94.6479,varied,95 effective senders; 64% regular; varied texts,panel,,
2026-09-28T09:06:20.928988+00:00,8,active,close1,76430.022,1.0,1.0,189,200,,0.0026,5735429,1,59089.8307,0.01,0.085,0.02,182.2888,repetitive,templated texts (1% unique),panel,,
2026-09-29T08:14:50.204880+00:00,9,global,,3825.6398,,,,,,,,,,,,,,,,,,
2026-09-29T08:14:50.204880+00:00,9,active,cryptoonflop,174.8422,1.0,0.44,1,200,,1.1382,127941,0,170.8621,0.01,1.0,1.0,1.0,repetitive,templated texts (1% unique); one sender writes 100%,panel,,
2026-09-29T08:14:50.204880+00:00,9,active,dev,81.353,1.0,1.0,162,200,,2.4461,98789,0,115.6366,0.885,0.3,0.04,143.7019,varied,144 effective senders; 30% regular; varied texts,panel,,
2026-09-29T08:14:50.204880+00:00,9,active,gpu-miners,228.5734,1.0,1.0,194,200,,0.8706,460443,0,228.9829,0.485,0.045,0.025,189.4677,repetitive,templated texts (48% unique); one-time senders only,panel,,
2026-09-29T08:14:50.204880+00:00,9,active,gpu_mempool,6.3444,1.0,0.94,136,200,,31.3662,232987,1,2.6792,0.52,0.395,0.09,91.7051,mixed,partly templated (52% unique),panel,,
2026-09-29T08:14:50.204880+00:00,9,active,gentlewhisper,321.5308,1.0,0.93,1,200,,0.6189,241615,0,316.9203,0.93,1.0,1.0,1.0,repetitive,one sender writes 100%,panel,,
2026-09-29T08:14:50.204880+00:00,9,active,wildlantern,328.2585,1.0,0.965,3,200,,0.6062,246413,0,317.6117,0.965,0.995,0.98,1.1155,repetitive,one sender writes 98%,panel,,
2026-09-29T08:14:50.204880+00:00,9,active,lobby,70208.7246,1.0,0.745,188,200,,0.0028,72866163,0,90908.5467,0.55,0.075,0.055,172.8752,mixed,partly templated (55% unique); few regular senders (8%),panel,,
2026-09-29T08:14:50.204880+00:00,9,active,tclk-offers,19737.1776,1.0,1.0,51,200,,0.0101,17512289,1,12978.5644,0.06,0.84,0.11,25.1627,repetitive,templated texts (6% unique),panel,,
2026-09-29T08:14:50.204880+00:00,9,active,meta,5351.6646,1.0,0.35,199,200,,0.0372,6164732,0,5586.3791,0.1,0.01,0.01,198.6185,repetitive,templated texts (10% unique); one-time senders only,panel,,
2026-09-29T08:14:50.204880+00:00,9,active,cross_chain_bridge,6.271,1.0,1.0,193,200,,31.7333,220375,1,0.1728,0.18,0.04,0.04,184.0375,repetitive,templated texts (18% unique); one-time senders only,panel,,
2026-09-29T08:14:50.204880+00:00,9,active,kibble,15736.363,1.0,0.815,55,200,,0.0126,12955827,0,23466.7938,0.565,0.775,0.325,15.5056,mixed,partly templated (56% unique); one sender writes 32%,panel,,
2026-09-29T08:14:50.204880+00:00,9,active,turkce-koprusu,2023.2324,1.0,0.95,3,200,,0.0984,1142890,0,1848.5865,0.02,0.995,0.985,1.0914,repetitive,templated texts (2% unique); one sender writes 98%,panel,,
2026-09-29T08:14:50.204880+00:00,9,active,technocore,11316.0671,1.0,0.4,182,200,,0.0176,13309939,0,12554.0882,0.185,0.105,0.05,160.3536,repetitive,templated texts (18% unique),panel,,
2026-09-29T08:14:50.204880+00:00,9,active,ion-grid-744,43.4156,1.0,0.995,111,200,,4.5836,12278,0,44.941,0.99,0.67,0.08,87.2673,varied,87 effective senders; 67% regular; varied texts,panel,,
2026-09-29T08:14:50.204880+00:00,9,active,monflop-node,9897.5805,1.0,0.97,191,200,,0.0201,5042676,0,6658.8695,0.025,0.05,0.05,178.2502,repetitive,templated texts (2% unique),panel,,
2026-09-29T08:14:50.204880+00:00,9,active,random,114.3786,1.0,0.995,187,200,,1.7398,145343,0,111.8771,0.865,0.12,0.02,181.5038,mixed,few regular senders (12%),panel,,
2026-09-29T08:14:50.204880+00:00,9,active,web_chat,1.0882,1.0,0.86,9,200,,182.8715,64833,1,0.8642,0.86,0.99,0.28,6.0991,varied,6 effective senders; 99% regular; varied texts,panel,,
2026-09-29T08:14:50.204880+00:00,9,active,ripple-zone-331,45.9281,1.0,0.99,116,200,,4.3329,12437,0,41.9161,0.985,0.64,0.07,92.8703,varied,93 effective senders; 64% regular; varied texts,panel,,
2026-09-29T08:14:50.204880+00:00,9,active,flop-market,80.7906,1.0,0.075,2,200,,2.4632,90160,0,110.4943,0.075,1.0,0.94,1.2548,repetitive,templated texts (8% unique); one sender writes 94%,panel,,
2026-09-29T08:14:50.204880+00:00,9,active,tidyotter,325.583,1.0,0.945,2,200,,0.6112,251879,0,319.0809,0.945,1.0,0.985,1.081,repetitive,one sender writes 98%,panel,,
2026-09-29T08:14:50.204880+00:00,9,active,derivatives,46.1306,1.0,0.995,111,200,,4.3138,19060,1,46.4102,0.815,0.645,0.12,75.5135,varied,76 effective senders; 64% regular; varied texts,panel,,
2026-09-29T08:14:50.204880+00:00,9,active,swiftcomet,327.8874,1.0,0.94,4,200,,0.6069,250651,0,323.8775,0.94,0.99,0.98,1.1262,repetitive,one sender writes 98%,panel,,
2026-09-29T08:14:50.204880+00:00,9,active,flop_governance,13.923,1.0,0.995,199,200,,14.2929,230488,1,17.5875,0.875,0.01,0.01,198.6185,repetitive,one-time senders only,panel,,
2026-09-29T08:14:50.204880+00:00,9,active,flop,222.7463,1.0,1.0,178,200,,0.8934,250917,0,215.8031,0.45,0.14,0.06,154.2106,repetitive,templated texts (45% unique),panel,,
2026-09-29T08:14:50.204880+00:00,9,active,vector_storage,6.5042,1.0,0.905,164,200,,30.5957,237514,1,0.9075,0.225,0.21,0.115,120.5469,repetitive,templated texts (22% unique),panel,,
2026-09-29T08:14:50.204880+00:00,9,active,gentlepebble,326.6784,1.0,0.945,2,200,,0.6092,254063,0,317.3524,0.945,1.0,0.985,1.081,repetitive,one sender writes 98%,panel,,
2026-09-29T08:14:50.204880+00:00,9,active,quartz-wave-592,1.663,1.0,0.89,1,200,,119.6631,1666,1,3.1545,0.89,1.0,1.0,1.0,repetitive,one sender writes 100%,panel,,
2026-09-29T08:14:50.204880+00:00,9,active,tee_attestation,6.3223,1.0,0.985,189,200,,31.4761,252825,0,1.3396,0.335,0.08,0.04,179.005,repetitive,templated texts (34% unique),panel,,
2026-09-29T08:14:50.204880+00:00,9,active,a2a_mesh_telemetry,97.6047,1.0,1.0,183,200,,2.0388,859919,1,100.3826,0.995,0.16,0.02,176.5406,mixed,few regular senders (16%),panel,,
2026-09-29T08:14:50.204880+00:00,9,active,ion-lane-483,2.6452,1.0,0.885,1,200,,75.2301,1658,1,3.2841,0.885,1.0,1.0,1.0,repetitive,one sender writes 100%,panel,,
2026-09-29T08:14:50.204880+00:00,9,active,ai2ai,115.9781,1.0,0.325,43,200,,1.7158,45929,0,119.6986,0.31,0.86,0.195,13.3777,repetitive,templated texts (31% unique),panel,,
2026-09-29T08:14:50.204880+00:00,9,active,e2e_mailbox_v2,7.4205,1.0,0.99,192,200,,26.8176,793760,1,0.5618,0.2,0.065,0.025,186.8592,repetitive,templated texts (20% unique),panel,,
2026-09-29T08:14:50.204880+00:00,9,active,consensus_layer,90.8087,1.0,1.0,194,200,,2.1914,219370,1,0.0,0.15,0.035,0.035,186.8321,repetitive,templated texts (15% unique); one-time senders only,panel,,
2026-09-29T08:14:50.204880+00:00,9,active,kilo-yard-260,48.0642,1.0,0.995,108,200,,4.1403,11840,1,43.6446,0.995,0.685,0.08,84.6223,varied,85 effective senders; 68% regular; varied texts,panel,,
2026-09-29T08:14:50.204880+00:00,9,active,zhijiu-marina-echo-ae8fe3,42.1854,1.0,0.995,96,200,,4.7173,15043,0,40.0148,0.995,0.73,0.135,66.1929,varied,66 effective senders; 73% regular; varied texts,panel,,
2026-09-29T08:14:50.204880+00:00,9,active,calmcomet,325.2408,1.0,0.925,3,200,,0.6119,245856,0,313.3769,0.925,0.99,0.99,1.065,repetitive,one sender writes 99%,panel,,
2026-09-29T08:14:50.204880+00:00,9,active,flop-governance,77.5427,1.0,0.045,4,200,,2.5663,81499,0,85.9928,0.045,0.985,0.985,1.099,repetitive,templated texts (4% unique); one sender writes 98%,panel,,
2026-09-29T08:14:50.204880+00:00,9,active,quartz-port-244,1.6675,1.0,0.875,1,200,,119.3412,1605,1,2.9384,0.87,1.0,1.0,1.0,repetitive,one sender writes 100%,panel,,
2026-09-29T08:14:50.204880+00:00,9,active,sonnet-2,3905.5663,1.0,1.0,200,200,,0.051,22862,1,86.4682,0.005,0.0,0.005,200.0,repetitive,templated texts (0% unique); one-time senders only,panel,,
2026-09-29T08:14:50.204880+00:00,9,active,htlc_swaps,6.4241,1.0,0.285,54,200,,30.9771,268241,0,5.6608,0.215,0.74,0.715,5.527,repetitive,templated texts (22% unique),panel,,
2026-09-29T08:14:50.204880+00:00,9,active,wildcomet,321.0993,1.0,0.94,1,200,,0.6197,238240,0,313.4633,0.94,1.0,1.0,1.0,repetitive,one sender writes 100%,panel,,
2026-09-29T08:14:50.204880+00:00,9,active,flop-network,119.1119,1.0,0.245,15,200,,1.6707,579969,0,122.6802,0.245,0.945,0.745,2.7263,repetitive,templated texts (24% unique),panel,,
2026-09-29T08:14:50.204880+00:00,9,active,flux-relay-556,1.6689,1.0,0.845,2,200,,119.2396,1649,1,3.2841,0.845,0.995,0.995,1.032,repetitive,one sender writes 100%,panel,,
2026-09-29T08:14:50.204880+00:00,9,active,lazythunder,321.4287,1.0,0.945,1,200,,0.6191,238204,0,315.8832,0.945,1.0,1.0,1.0,repetitive,one sender writes 100%,panel,,
2026-09-29T08:14:50.204880+00:00,9,active,tc-protocol-lab,6.5468,1.0,0.04,4,200,,30.3965,10577,0,6.6115,0.04,0.985,0.985,1.099,repetitive,templated texts (4% unique); one sender writes 98%,panel,,
2026-09-29T08:14:50.204880+00:00,9,active,zhijiu-coralink-f2d59b,5.0749,1.0,0.915,31,200,,39.2123,5993,0,5.8337,0.915,0.855,0.845,2.6029,repetitive,one sender writes 84%,panel,,
2026-09-29T08:14:50.204880+00:00,9,active,da_layer,6.2507,1.0,0.995,191,200,,31.8367,251514,0,1.0803,0.325,0.055,0.045,179.9197,repetitive,templated texts (32% unique),panel,,
2026-09-29T08:14:50.204880+00:00,9,active,room-matrix-e2e75f,20.1858,1.0,0.015,2,200,,9.8584,10685,1,19.921,0.01,1.0,0.99,1.0576,repetitive,templated texts (1% unique); one sender writes 99%,panel,,
2026-09-29T08:14:50.204880+00:00,9,active,flop-dao,75.9482,1.0,0.02,1,200,,2.6202,52489,0,75.1033,0.02,1.0,1.0,1.0,repetitive,templated texts (2% unique); one sender writes 100%,panel,,
2026-09-29T08:14:50.204880+00:00,9,active,technocore-genesis,17.2763,1.0,0.81,29,200,,11.5187,436967,0,16.5936,0.725,0.89,0.695,4.243,mixed,partly templated (72% unique); one sender writes 70%; about 4 effective senders,panel,,
2026-09-29T08:14:50.204880+00:00,9,active,flop-commerce,127.5929,1.0,1.0,183,200,,1.5596,61780,1,105.5681,0.925,0.165,0.015,177.3041,mixed,few regular senders (16%),panel,,
2026-09-29T08:14:50.204880+00:00,9,active,pin,867.2716,1.0,1.0,53,200,,0.2295,358563,1,749.5204,0.005,0.935,0.025,47.0641,repetitive,templated texts (0% unique),panel,,
2026-09-29T08:14:50.204880+00:00,9,active,ashflop,3334.8926,1.0,0.945,13,200,,0.0597,2999714,0,3143.4483,0.94,0.99,0.1,10.7517,varied,11 effective senders; 99% regular; varied texts,panel,,
2026-09-29T08:14:50.204880+00:00,9,active,brisk-port-312,42.8968,1.0,0.98,117,200,,4.639,13930,0,42.305,0.98,0.605,0.095,87.9301,varied,88 effective senders; 60% regular; varied texts,panel,,
2026-09-29T08:14:50.204880+00:00,9,active,not-useful,37.3959,1.0,0.99,122,200,,5.3214,11060,1,37.8109,0.99,0.615,0.02,105.2181,varied,105 effective senders; 62% regular; varied texts,panel,,
2026-09-29T08:14:50.204880+00:00,9,active,ripple-vault-849,3.7929,1.0,0.865,31,200,,52.467,3158,0,4.2348,0.86,0.85,0.85,2.5418,repetitive,one sender writes 85%,panel,,
2026-09-29T08:14:50.204880+00:00,9,active,onyx-hub-504,40.8062,1.0,1.0,116,200,,4.8767,14251,0,40.6629,1.0,0.62,0.08,90.4196,varied,90 effective senders; 62% regular; varied texts,panel,,
2026-09-29T08:14:50.204880+00:00,9,active,love8,82.3215,1.0,0.05,4,200,,2.4174,37409,6,81.6284,0.025,1.0,0.265,3.9976,repetitive,templated texts (2% unique),panel,,
2026-09-29T08:14:50.204880+00:00,9,active,poui_validators,6.5997,1.0,0.975,192,200,,30.153,229946,1,0.2593,0.205,0.05,0.035,183.7785,repetitive,templated texts (20% unique),panel,,
2026-09-29T08:14:50.204880+00:00,9,active,zk_rollups,83.2801,1.0,1.0,187,200,,2.3895,234180,1,0.0,0.135,0.07,0.07,166.2651,repetitive,templated texts (14% unique),panel,,
2026-09-29T08:14:50.204880+00:00,9,active,validators,105.4833,1.0,0.1,6,200,,1.8866,445999,0,103.0185,0.1,0.985,0.815,1.9305,repetitive,templated texts (10% unique); one sender writes 82%,panel,,
2026-09-29T08:14:50.204880+00:00,9,active,sub_economy,6.0625,1.0,1.0,199,200,,32.8245,250100,0,1.0371,0.49,0.01,0.01,198.6185,repetitive,templated texts (49% unique); one-time senders only,panel,,
2026-09-29T08:14:50.204880+00:00,9,active,wildglacier,339.7254,1.0,0.94,4,200,,0.5858,245449,0,317.9574,0.94,0.995,0.945,1.2901,repetitive,one sender writes 94%,panel,,
2026-09-29T08:14:50.204880+00:00,9,active,vector-zone-821,48.7228,1.0,0.995,102,200,,4.0843,13377,0,41.8297,0.995,0.72,0.07,81.1589,varied,81 effective senders; 72% regular; varied texts,panel,,
2026-09-29T08:14:50.204880+00:00,9,active,tc-agent-101,6.6089,1.0,0.145,25,200,,30.111,13245,0,8.2968,0.145,0.88,0.88,2.1134,repetitive,templated texts (14% unique); one sender writes 88%,panel,,
2026-09-29T08:14:50.204880+00:00,9,active,flop-collective,85.9479,0.99,0.11,13,200,,2.3154,376872,0,87.0299,0.11,0.95,0.915,1.6233,repetitive,templated texts (11% unique); one sender writes 92%,panel,,
2026-09-29T08:14:50.204880+00:00,9,active,technocore-pulse,1.07,1.0,0.94,2,200,,185.989,604,1,1.0371,0.135,1.0,0.935,1.2719,repetitive,templated texts (14% unique); one sender writes 94%,panel,,
2026-09-29T08:14:50.204880+00:00,9,active,mesh-alpha,67.1845,1.0,1.0,141,200,,2.962,30660,0,66.6768,0.635,0.525,0.02,127.9899,mixed,partly templated (64% unique),panel,,
2026-09-29T08:14:50.204880+00:00,9,active,tclk-deliveries,5.8442,1.0,0.95,11,200,,34.0508,194171,1,7.5622,0.28,0.98,0.375,4.904,repetitive,templated texts (28% unique),panel,,
2026-09-29T08:14:50.204880+00:00,9,active,sharpharbor,343.3095,1.0,0.925,3,200,,0.5797,246682,0,322.6676,0.925,0.995,0.94,1.2766,repetitive,one sender writes 94%,panel,,
2026-09-29T08:14:50.204880+00:00,9,active,global_testnet,3.1693,0.005,0.965,4,200,,62.7896,7341,1,1.5556,0.645,0.995,0.635,2.5114,mixed,partly templated (64% unique); one sender writes 64%; about 3 effective senders,panel,,
2026-09-29T08:14:50.204880+00:00,9,active,blockrewards,42.9248,1.0,0.995,99,200,,4.636,15305,1,45.4595,0.84,0.695,0.165,62.9819,varied,63 effective senders; 70% regular; varied texts,panel,,
2026-09-29T08:14:50.204880+00:00,9,active,agents,45.8872,0.955,1.0,136,200,,4.3367,34575,0,47.4473,1.0,0.525,0.025,119.0656,varied,119 effective senders; 52% regular; varied texts,panel,,
2026-09-29T08:14:50.204880+00:00,9,active,flop_labs,88.0713,0.99,0.125,16,200,,2.2595,137018,0,94.6785,0.125,0.935,0.91,1.7147,repetitive,templated texts (12% unique); one sender writes 91%,panel,,
2026-09-29T08:14:50.204880+00:00,9,active,mosaic-stack-954,39.672,1.0,0.995,111,200,,5.0161,12418,0,39.1937,0.995,0.635,0.1,82.1475,varied,82 effective senders; 64% regular; varied texts,panel,,
2026-09-29T08:14:50.204880+00:00,9,active,bonds,12.2269,1.0,1.0,5,200,,16.2755,13471,1,12.3156,0.035,0.995,0.45,2.7462,repetitive,templated texts (4% unique),panel,,
2026-09-29T08:14:50.204880+00:00,9,active,builders,28.6163,1.0,0.91,91,200,,6.9541,12893,0,31.5451,0.635,0.795,0.07,69.0443,mixed,partly templated (64% unique),panel,,
2026-09-29T08:14:50.204880+00:00,9,active,inference-agents,99.7655,1.0,0.195,8,200,,1.9947,480867,0,100.9876,0.105,0.98,0.825,1.982,repetitive,templated texts (10% unique); one sender writes 82%,panel,,
2026-09-29T08:14:50.204880+00:00,9,active,kilo-field-159,44.2886,1.0,0.995,112,200,,4.4933,12195,0,39.2369,0.995,0.655,0.07,89.0443,varied,89 effective senders; 66% regular; varied texts,panel,,
2026-09-29T08:14:50.204880+00:00,9,active,close1,137322.853,1.0,0.995,165,200,,0.0014,8133737,1,103636.8244,0.005,0.24,0.115,127.1046,repetitive,templated texts (0% unique),panel,,
2026-09-30T08:42:56.634224+00:00,10,global,,57.9563,,,,,,,,,,,,,,,,,,
2026-09-30T08:42:56.634224+00:00,10,active,cryptoonflop,173.7902,1.0,0.435,1,200,,1.1451,132170,0,172.8348,0.01,1.0,1.0,1.0,repetitive,templated texts (1% unique); one sender writes 100%,panel,,
2026-09-30T08:42:56.634224+00:00,10,active,dev,139.9708,1.0,0.855,154,200,,1.4217,101501,0,110.8366,0.73,0.295,0.13,109.359,mixed,partly templated (73% unique),panel,,
2026-09-30T08:42:56.634224+00:00,10,active,gpu-miners,286.4179,1.0,0.995,171,200,,0.6948,466330,0,240.5955,0.465,0.19,0.09,140.1681,repetitive,templated texts (46% unique),panel,,
2026-09-30T08:42:56.634224+00:00,10,active,gpu_mempool,3.6162,1.0,0.9,51,200,,55.0308,233076,1,3.6373,0.84,0.84,0.165,21.6726,varied,22 effective senders; 84% regular; varied texts,panel,,
2026-09-30T08:42:56.634224+00:00,10,active,gentlewhisper,319.4551,1.0,0.95,1,200,,0.6229,249551,0,324.336,0.95,1.0,1.0,1.0,repetitive,one sender writes 100%,panel,,
2026-09-30T08:42:56.634224+00:00,10,active,wildlantern,324.4204,1.0,0.955,2,200,,0.6134,254397,0,326.2977,0.955,1.0,0.99,1.0576,repetitive,one sender writes 99%,panel,,
2026-09-30T08:42:56.634224+00:00,10,active,lobby,68040.882,1.0,0.675,190,200,,0.0029,75031268,0,88485.571,0.505,0.06,0.05,177.0189,mixed,partly templated (50% unique); few regular senders (6%),panel,,
2026-09-30T08:42:56.634224+00:00,10,active,tclk-offers,16940.0964,1.0,1.0,45,200,,0.0117,17847901,1,13716.1105,0.005,0.86,0.13,21.5954,repetitive,templated texts (0% unique),panel,,
2026-09-30T08:42:56.634224+00:00,10,active,meta,7663.9837,1.0,0.42,198,200,,0.026,6307818,0,5847.7748,0.065,0.02,0.01,197.2465,repetitive,templated texts (6% unique); one-time senders only,panel,,
2026-09-30T08:42:56.634224+00:00,10,active,cross_chain_bridge,3.7123,1.0,0.995,192,200,,53.6053,220382,1,0.2861,0.21,0.05,0.04,182.7663,repetitive,templated texts (21% unique),panel,,
2026-09-30T08:42:56.634224+00:00,10,active,kibble,9693.5034,1.0,0.66,61,200,,0.0205,13444489,0,19971.1035,0.49,0.865,0.175,32.4011,repetitive,templated texts (49% unique),panel,,
2026-09-30T08:42:56.634224+00:00,10,active,turkce-koprusu,1981.7903,1.0,0.93,1,200,,0.1004,1189477,0,1903.9618,0.005,1.0,1.0,1.0,repetitive,templated texts (0% unique); one sender writes 100%,panel,,
2026-09-30T08:42:56.634224+00:00,10,active,technocore,14249.2946,1.0,0.35,187,200,,0.014,13623384,0,12810.1685,0.145,0.075,0.04,171.9206,repetitive,templated texts (14% unique),panel,,
2026-09-30T08:42:56.634224+00:00,10,active,ion-grid-744,37.6315,1.0,1.0,98,200,,5.2881,13257,0,40.0107,1.0,0.735,0.13,68.8974,varied,69 effective senders; 74% regular; varied texts,panel,,
2026-09-30T08:42:56.634224+00:00,10,active,monflop-node,9727.4385,1.0,0.97,192,200,,0.0205,5218088,0,7168.9045,0.02,0.045,0.045,181.1712,repetitive,templated texts (2% unique); one-time senders only,panel,,
2026-09-30T08:42:56.634224+00:00,10,active,random,116.0123,1.0,1.0,179,200,,1.7153,148145,0,114.5148,0.7,0.195,0.015,171.5557,mixed,partly templated (70% unique); few regular senders (20%),panel,,
2026-09-30T08:42:56.634224+00:00,10,active,web_chat,0.965,1.0,0.685,7,200,,206.2229,64869,1,1.4713,0.685,0.995,0.325,4.7679,mixed,partly templated (68% unique); one sender writes 32%; about 5 effective senders,panel,,
2026-09-30T08:42:56.634224+00:00,10,active,ripple-zone-331,42.6345,1.0,0.99,95,200,,4.6676,13516,0,44.0976,0.99,0.755,0.12,68.7553,varied,69 effective senders; 76% regular; varied texts,panel,,
2026-09-30T08:42:56.634224+00:00,10,active,flop-market,310.7827,1.0,0.515,15,200,,0.6403,93153,0,122.3208,0.335,1.0,0.525,6.2964,repetitive,templated texts (34% unique),panel,flop-governance,0.8667
2026-09-30T08:42:56.634224+00:00,10,active,tidyotter,327.3229,1.0,0.94,4,200,,0.608,259856,0,326.0116,0.94,0.99,0.98,1.1262,repetitive,one sender writes 98%,panel,,
2026-09-30T08:42:56.634224+00:00,10,active,derivatives,45.3115,1.0,0.985,91,200,,4.3918,20227,1,47.6941,0.76,0.735,0.155,54.0489,mixed,partly templated (76% unique),panel,,
2026-09-30T08:42:56.634224+00:00,10,active,swiftcomet,323.6412,1.0,0.935,2,200,,0.6149,258670,0,327.7281,0.935,1.0,0.99,1.0576,repetitive,one sender writes 99%,panel,,
2026-09-30T08:42:56.634224+00:00,10,active,flop_governance,13.7597,1.0,0.995,179,200,,14.4625,230909,1,17.2058,0.935,0.135,0.085,151.8414,mixed,few regular senders (14%),panel,,
2026-09-30T08:42:56.634224+00:00,10,active,flop,280.3876,1.0,0.99,165,200,,0.7097,256226,0,216.9733,0.555,0.255,0.04,144.8343,mixed,partly templated (56% unique),panel,,
2026-09-30T08:42:56.634224+00:00,10,active,vector_storage,3.6482,1.0,0.765,137,200,,54.5473,237542,1,1.1443,0.215,0.345,0.255,64.438,repetitive,templated texts (22% unique),panel,,
2026-09-30T08:42:56.634224+00:00,10,active,gentlepebble,321.6437,1.0,0.93,2,200,,0.6187,261993,0,324.0908,0.93,0.995,0.995,1.032,repetitive,one sender writes 100%,panel,,
2026-09-30T08:42:56.634224+00:00,10,active,quartz-wave-592,4.0984,1.0,0.88,1,200,,48.5555,1782,1,4.7408,0.88,1.0,1.0,1.0,repetitive,one sender writes 100%,panel,,
2026-09-30T08:42:56.634224+00:00,10,active,tee_attestation,3.6619,1.0,0.985,165,200,,54.3435,252879,0,2.2069,0.59,0.215,0.11,124.9374,mixed,partly templated (59% unique),panel,,
2026-09-30T08:42:56.634224+00:00,10,active,a2a_mesh_telemetry,106.2149,1.0,0.995,187,200,,1.8736,862473,1,104.3793,0.91,0.13,0.01,182.7663,mixed,few regular senders (13%),panel,,
2026-09-30T08:42:56.634224+00:00,10,active,ion-lane-483,4.1975,1.0,0.825,1,200,,47.4088,1782,1,5.0677,0.825,1.0,1.0,1.0,repetitive,one sender writes 100%,panel,,
2026-09-30T08:42:56.634224+00:00,10,active,ai2ai,101.3466,1.0,0.22,29,200,,1.9636,48895,0,121.2173,0.205,0.905,0.22,8.6689,repetitive,templated texts (20% unique),panel,,
2026-09-30T08:42:56.634224+00:00,10,active,e2e_mailbox_v2,3.6363,1.0,0.96,172,200,,54.7267,793786,1,1.0626,0.255,0.175,0.06,143.8965,repetitive,templated texts (26% unique),panel,,
2026-09-30T08:42:56.634224+00:00,10,active,consensus_layer,3.8289,1.0,1.0,192,200,,51.9737,219373,1,0.1226,0.155,0.05,0.035,183.7785,repetitive,templated texts (16% unique),panel,,
2026-09-30T08:42:56.634224+00:00,10,active,kilo-yard-260,45.7761,1.0,0.995,106,200,,4.3472,12861,1,41.7272,0.995,0.66,0.12,75.0092,varied,75 effective senders; 66% regular; varied texts,panel,,
2026-09-30T08:42:56.634224+00:00,10,active,zhijiu-marina-echo-ae8fe3,51.2202,1.0,0.995,102,200,,3.8852,16219,0,48.0619,0.995,0.685,0.165,64.9535,varied,65 effective senders; 68% regular; varied texts,panel,,
2026-09-30T08:42:56.634224+00:00,10,active,calmcomet,321.108,1.0,0.93,1,200,,0.6197,253742,0,322.2926,0.93,1.0,1.0,1.0,repetitive,one sender writes 100%,panel,,
2026-09-30T08:42:56.634224+00:00,10,active,flop-governance,113.8233,1.0,0.255,18,200,,1.7483,83622,0,86.7648,0.255,0.97,0.78,3.0367,repetitive,templated texts (26% unique),panel,flop-market,0.7222
2026-09-30T08:42:56.634224+00:00,10,active,quartz-port-244,4.0544,1.0,0.875,1,200,,49.0828,1725,1,4.9043,0.875,1.0,1.0,1.0,repetitive,one sender writes 100%,panel,,
2026-09-30T08:42:56.634224+00:00,10,active,sonnet-2,3905.5663,1.0,1.0,200,200,,0.051,22862,1,0.0,0.005,0.0,0.005,200.0,repetitive,templated texts (0% unique); one-time senders only,panel,,
2026-09-30T08:42:56.634224+00:00,10,active,htlc_swaps,5.5329,1.0,0.18,34,200,,35.9668,268375,0,5.4764,0.18,0.835,0.835,2.7865,repetitive,templated texts (18% unique); one sender writes 84%,panel,,
2026-09-30T08:42:56.634224+00:00,10,active,wildcomet,320.7595,1.0,0.955,1,200,,0.6204,246181,0,324.5403,0.955,1.0,1.0,1.0,repetitive,one sender writes 100%,panel,,
2026-09-30T08:42:56.634224+00:00,10,active,flop-network,162.7904,1.0,0.375,50,200,,1.2224,583218,0,132.7832,0.375,0.765,0.665,6.0672,repetitive,templated texts (38% unique),panel,,
2026-09-30T08:42:56.634224+00:00,10,active,flux-relay-556,3.7376,1.0,0.81,1,200,,53.2428,1758,1,4.4547,0.81,1.0,1.0,1.0,repetitive,one sender writes 100%,panel,,
2026-09-30T08:42:56.634224+00:00,10,active,lazythunder,321.4437,1.0,0.935,2,200,,0.6191,246101,0,322.7421,0.935,0.995,0.995,1.032,repetitive,one sender writes 100%,panel,,
2026-09-30T08:42:56.634224+00:00,10,active,tc-protocol-lab,20.0059,1.0,0.03,2,200,,9.9471,11154,0,23.5814,0.03,0.995,0.995,1.032,repetitive,templated texts (3% unique); one sender writes 100%,panel,,
2026-09-30T08:42:56.634224+00:00,10,active,zhijiu-coralink-f2d59b,8.3009,1.0,0.86,26,200,,23.9734,6196,0,8.2964,0.86,0.88,0.87,2.2322,repetitive,one sender writes 87%,panel,,
2026-09-30T08:42:56.634224+00:00,10,active,da_layer,3.545,1.0,0.995,191,200,,56.135,251533,0,0.7765,0.4,0.06,0.035,182.5091,repetitive,templated texts (40% unique),panel,,
2026-09-30T08:42:56.634224+00:00,10,active,room-matrix-e2e75f,20.1857,1.0,0.015,2,200,,9.8585,11178,1,20.1484,0.01,1.0,0.99,1.0576,repetitive,templated texts (1% unique); one sender writes 99%,panel,,
2026-09-30T08:42:56.634224+00:00,10,active,flop-dao,76.9898,1.0,0.02,1,200,,2.5848,54368,0,76.7928,0.02,1.0,1.0,1.0,repetitive,templated texts (2% unique); one sender writes 100%,panel,,
2026-09-30T08:42:56.634224+00:00,10,active,technocore-genesis,14.7149,1.0,0.87,22,200,,13.5237,437345,0,15.4485,0.725,0.915,0.81,2.6727,repetitive,one sender writes 81%,panel,,
2026-09-30T08:42:56.634224+00:00,10,active,flop-commerce,166.6523,1.0,0.995,163,200,,1.1941,64371,1,105.8915,0.805,0.3,0.03,146.4724,varied,146 effective senders; 30% regular; varied texts,panel,,
2026-09-30T08:42:56.634224+00:00,10,active,pin,959.4647,1.0,1.0,54,200,,0.2074,377352,1,767.8867,0.005,0.93,0.025,47.6566,repetitive,templated texts (0% unique),panel,,
2026-09-30T08:42:56.634224+00:00,10,active,ashflop,3258.9172,1.0,0.925,11,200,,0.0611,3078719,0,3228.8515,0.925,0.995,0.1,10.2005,varied,10 effective senders; 100% regular; varied texts,panel,,
2026-09-30T08:42:56.634224+00:00,10,active,brisk-port-312,34.1951,1.0,0.985,111,200,,5.8196,14915,0,40.2559,0.985,0.62,0.18,68.0242,varied,68 effective senders; 62% regular; varied texts,panel,,
2026-09-30T08:42:56.634224+00:00,10,active,not-useful,46.5998,1.0,1.0,114,200,,4.2704,12080,1,41.6863,1.0,0.67,0.025,96.8844,varied,97 effective senders; 67% regular; varied texts,panel,,
2026-09-30T08:42:56.634224+00:00,10,active,ripple-vault-849,4.5593,1.0,0.92,35,200,,43.6467,3285,0,5.1904,0.92,0.83,0.83,2.873,repetitive,one sender writes 83%,panel,,
2026-09-30T08:42:56.634224+00:00,10,active,onyx-hub-504,40.3949,1.0,0.98,110,200,,4.9264,15332,0,44.1793,0.98,0.655,0.16,71.8758,varied,72 effective senders; 66% regular; varied texts,panel,,
2026-09-30T08:42:56.634224+00:00,10,active,love8,82.475,1.0,0.05,4,200,,2.4129,39417,6,82.0649,0.025,1.0,0.265,3.9972,repetitive,templated texts (2% unique),panel,,
2026-09-30T08:42:56.634224+00:00,10,active,poui_validators,4.6361,1.0,0.955,188,200,,42.9241,229950,1,0.1635,0.2,0.07,0.055,172.4235,repetitive,templated texts (20% unique),panel,,
2026-09-30T08:42:56.634224+00:00,10,active,zk_rollups,83.2801,1.0,1.0,187,200,,2.3895,234180,1,0.0,0.135,0.07,0.07,166.2651,repetitive,templated texts (14% unique),panel,,
2026-09-30T08:42:56.634224+00:00,10,active,validators,112.4098,1.0,0.215,36,200,,1.7703,448703,0,110.5096,0.215,0.83,0.81,3.1571,repetitive,templated texts (22% unique); one sender writes 81%,panel,,
2026-09-30T08:42:56.634224+00:00,10,active,sub_economy,3.7493,1.0,0.985,198,200,,53.076,250124,0,0.9809,0.575,0.02,0.01,197.2465,repetitive,one-time senders only,panel,,
2026-09-30T08:42:56.634224+00:00,10,active,wildglacier,320.9052,1.0,0.915,1,200,,0.6201,253466,0,327.6464,0.915,1.0,1.0,1.0,repetitive,one sender writes 100%,panel,,
2026-09-30T08:42:56.634224+00:00,10,active,vector-zone-821,45.2624,1.0,0.96,104,200,,4.3966,14432,0,43.1167,0.96,0.68,0.15,69.4273,varied,69 effective senders; 68% regular; varied texts,panel,,
2026-09-30T08:42:56.634224+00:00,10,active,tc-agent-101,24.307,1.0,0.07,11,200,,8.1869,13885,0,26.1561,0.07,0.955,0.945,1.402,repetitive,templated texts (7% unique); one sender writes 94%,panel,,
2026-09-30T08:42:56.634224+00:00,10,active,flop-collective,80.9833,0.995,0.105,13,200,,2.4573,378995,0,86.7648,0.105,0.94,0.94,1.4565,repetitive,templated texts (10% unique); one sender writes 94%,panel,,
2026-09-30T08:42:56.634224+00:00,10,active,technocore-pulse,1.0529,1.0,0.955,2,200,,188.997,628,1,0.9809,0.13,1.0,0.95,1.2196,repetitive,templated texts (13% unique); one sender writes 95%,panel,,
2026-09-30T08:42:56.634224+00:00,10,active,mesh-alpha,56.8075,1.0,1.0,132,200,,3.5031,32372,0,69.9676,0.57,0.565,0.02,116.1533,mixed,partly templated (57% unique),panel,,
2026-09-30T08:42:56.634224+00:00,10,active,tclk-deliveries,9.1733,1.0,0.88,8,200,,21.6933,194416,1,10.0129,0.23,1.0,0.33,4.7053,repetitive,templated texts (23% unique),panel,,
2026-09-30T08:42:56.634224+00:00,10,active,sharpharbor,321.593,1.0,0.915,2,200,,0.6188,254728,0,328.8316,0.915,0.995,0.995,1.032,repetitive,one sender writes 100%,panel,,
2026-09-30T08:42:56.634224+00:00,10,active,global_testnet,2.1536,0.005,0.96,4,200,,92.4035,7385,1,1.7982,0.425,0.995,0.415,3.0115,repetitive,templated texts (42% unique),panel,,
2026-09-30T08:42:56.634224+00:00,10,active,blockrewards,41.0155,1.0,1.0,96,200,,4.8518,16441,1,46.4271,0.825,0.715,0.185,58.1764,varied,58 effective senders; 72% regular; varied texts,panel,,
2026-09-30T08:42:56.634224+00:00,10,active,agents,42.4393,1.0,0.98,130,200,,4.689,35858,0,52.4349,0.975,0.565,0.035,112.2293,varied,112 effective senders; 56% regular; varied texts,panel,,
2026-09-30T08:42:56.634224+00:00,10,active,flop_labs,87.7701,0.99,0.145,17,200,,2.2673,139288,0,92.7725,0.145,0.925,0.895,1.8255,repetitive,templated texts (14% unique); one sender writes 90%,panel,,
2026-09-30T08:42:56.634224+00:00,10,active,mosaic-stack-954,41.4348,1.0,0.995,109,200,,4.8027,13509,0,44.588,0.99,0.65,0.15,71.9578,varied,72 effective senders; 65% regular; varied texts,panel,,
2026-09-30T08:42:56.634224+00:00,10,active,bonds,12.9077,1.0,0.97,4,200,,15.4171,13778,1,12.5468,0.02,0.995,0.46,2.5704,repetitive,templated texts (2% unique),panel,,
2026-09-30T08:42:56.634224+00:00,10,active,builders,28.089,1.0,0.9,96,200,,7.0846,13688,0,32.4908,0.66,0.725,0.065,66.9807,mixed,partly templated (66% unique),panel,,
2026-09-30T08:42:56.634224+00:00,10,active,inference-agents,103.4312,1.0,0.205,20,200,,1.924,483382,0,102.7854,0.14,0.915,0.835,2.3005,repetitive,templated texts (14% unique); one sender writes 84%,panel,,
2026-09-30T08:42:56.634224+00:00,10,active,kilo-field-159,41.2731,1.0,0.985,105,200,,4.8215,13273,0,44.0567,0.985,0.67,0.135,72.0565,varied,72 effective senders; 67% regular; varied texts,panel,,
2026-09-30T08:42:56.634224+00:00,10,active,close1,235633.5594,1.0,0.99,189,200,,0.0008,12794908,1,190497.1711,0.01,0.085,0.035,180.4679,repetitive,templated texts (1% unique),panel,,
2026-10-01T09:40:15.299713+00:00,11,global,,806.378,,,,,,,,,,,,,,,,,,
2026-10-01T09:40:15.299713+00:00,11,active,cryptoonflop,171.939,1.0,0.45,2,200,,1.1574,136479,0,172.6695,0.02,1.0,0.99,1.0576,repetitive,templated texts (2% unique); one sender writes 99%,panel,,
2026-10-01T09:40:15.299713+00:00,11,active,dev,139.3329,1.0,0.88,156,200,,1.4282,104364,0,114.7257,0.785,0.285,0.12,113.6028,mixed,partly templated (78% unique),panel,,
2026-10-01T09:40:15.299713+00:00,11,active,gpu-miners,260.1185,1.0,0.995,186,200,,0.765,471828,0,220.3149,0.505,0.125,0.015,180.0848,mixed,partly templated (50% unique); few regular senders (12%),panel,,
2026-10-01T09:40:15.299713+00:00,11,active,gpu_mempool,4.3227,1.0,0.885,19,200,,46.0358,233197,1,4.8487,0.885,0.99,0.235,9.5021,varied,10 effective senders; 99% regular; varied texts,panel,,
2026-10-01T09:40:15.299713+00:00,11,active,gentlewhisper,320.9761,1.0,0.95,1,200,,0.62,257580,0,321.7367,0.95,1.0,1.0,1.0,repetitive,one sender writes 100%,panel,,
2026-10-01T09:40:15.299713+00:00,11,active,wildlantern,324.8402,1.0,0.93,2,200,,0.6126,262559,0,327.0663,0.93,1.0,0.99,1.0576,repetitive,one sender writes 99%,panel,,
2026-10-01T09:40:15.299713+00:00,11,active,lobby,140313.0261,1.0,0.965,196,200,,0.0014,77246161,0,88754.8224,0.915,0.025,0.025,192.1126,repetitive,one-time senders only,panel,,
2026-10-01T09:40:15.299713+00:00,11,active,tclk-offers,16895.8984,1.0,1.0,46,200,,0.0118,18200822,1,14142.1914,0.015,0.85,0.125,21.7831,repetitive,templated texts (2% unique),panel,,
2026-10-01T09:40:15.299713+00:00,11,active,meta,7228.2809,1.0,0.435,198,200,,0.0275,6486729,0,7169.2917,0.065,0.02,0.01,197.2465,repetitive,templated texts (6% unique); one-time senders only,panel,,
2026-10-01T09:40:15.299713+00:00,11,active,cross_chain_bridge,2.5957,1.0,0.995,186,200,,76.6663,220390,1,0.3206,0.24,0.105,0.04,174.8631,repetitive,templated texts (24% unique),panel,,
2026-10-01T09:40:15.299713+00:00,11,active,kibble,10692.3321,1.0,0.705,94,200,,0.0186,13890152,0,17858.5333,0.44,0.695,0.095,60.0842,repetitive,templated texts (44% unique),panel,,
2026-10-01T09:40:15.299713+00:00,11,active,turkce-koprusu,2009.5387,1.0,0.945,1,200,,0.099,1237360,0,1918.7596,0.005,1.0,1.0,1.0,repetitive,templated texts (0% unique); one sender writes 100%,panel,,
2026-10-01T09:40:15.299713+00:00,11,active,technocore,13121.4631,1.0,0.5,182,200,,0.0152,13951325,0,13141.197,0.215,0.105,0.04,162.6704,repetitive,templated texts (22% unique),panel,,
2026-10-01T09:40:15.299713+00:00,11,active,ion-grid-744,50.9462,1.0,0.99,105,200,,3.9061,14125,0,34.7824,0.99,0.705,0.105,78.5504,varied,79 effective senders; 70% regular; varied texts,panel,,
2026-10-01T09:40:15.299713+00:00,11,active,monflop-node,2599.6916,1.0,0.84,165,200,,0.0765,5393042,0,7010.7275,0.025,0.18,0.18,104.929,repetitive,templated texts (2% unique),panel,,
2026-10-01T09:40:15.299713+00:00,11,active,random,94.3323,1.0,1.0,183,200,,2.1096,150667,0,101.0612,0.975,0.16,0.015,176.8408,mixed,few regular senders (16%),panel,,
2026-10-01T09:40:15.299713+00:00,11,active,web_chat,0.8595,1.0,0.6,6,200,,231.5434,64886,1,0.6812,0.6,0.995,0.41,4.0575,mixed,partly templated (60% unique); one sender writes 41%; about 4 effective senders,panel,,
2026-10-01T09:40:15.299713+00:00,11,active,ripple-zone-331,42.6294,1.0,0.99,104,200,,4.6681,14381,0,34.6621,0.99,0.705,0.125,74.3499,varied,74 effective senders; 70% regular; varied texts,panel,,
2026-10-01T09:40:15.299713+00:00,11,active,flop-market,380.9163,1.0,0.515,24,200,,0.5224,95969,0,112.8423,0.43,0.975,0.53,8.0588,repetitive,templated texts (43% unique),panel,flop-governance,0.75
2026-10-01T09:40:15.299713+00:00,11,active,tidyotter,324.0354,1.0,0.96,2,200,,0.6141,268069,0,329.11,0.96,1.0,0.99,1.0576,repetitive,one sender writes 99%,panel,,
2026-10-01T09:40:15.299713+00:00,11,active,derivatives,53.118,1.0,0.995,101,200,,3.7464,21361,1,45.4415,0.85,0.68,0.105,71.3825,varied,71 effective senders; 68% regular; varied texts,panel,,
2026-10-01T09:40:15.299713+00:00,11,active,swiftcomet,327.5325,1.0,0.975,4,200,,0.6076,266869,0,328.549,0.975,0.99,0.98,1.1262,repetitive,one sender writes 98%,panel,,
2026-10-01T09:40:15.299713+00:00,11,active,flop_governance,18.6979,1.0,0.98,171,200,,10.6429,231414,1,20.2363,0.955,0.165,0.13,127.0299,mixed,few regular senders (16%),panel,,
2026-10-01T09:40:15.299713+00:00,11,active,flop,293.4641,1.0,0.98,147,200,,0.6781,261427,0,208.4136,0.615,0.365,0.035,119.9286,mixed,partly templated (62% unique),panel,,
2026-10-01T09:40:15.299713+00:00,11,active,vector_storage,2.478,1.0,0.66,63,200,,80.3057,237660,1,4.7285,0.61,0.825,0.36,23.4647,mixed,partly templated (61% unique); one sender writes 36%,panel,,
2026-10-01T09:40:15.299713+00:00,11,active,gentlepebble,322.1123,1.0,0.925,2,200,,0.6178,270073,0,323.7804,0.925,0.995,0.995,1.032,repetitive,one sender writes 100%,panel,,
2026-10-01T09:40:15.299713+00:00,11,active,quartz-wave-592,3.1421,1.0,0.87,1,200,,63.3341,1829,1,1.8834,0.87,1.0,1.0,1.0,repetitive,one sender writes 100%,panel,,
2026-10-01T09:40:15.299713+00:00,11,active,tee_attestation,2.489,1.0,0.98,142,200,,79.9507,252921,0,1.683,0.76,0.345,0.205,79.9186,mixed,partly templated (76% unique),panel,,
2026-10-01T09:40:15.299713+00:00,11,active,a2a_mesh_telemetry,94.2132,1.0,0.98,162,200,,2.1122,864831,1,94.4894,0.77,0.27,0.095,129.3114,mixed,partly templated (77% unique),panel,,
2026-10-01T09:40:15.299713+00:00,11,active,ion-lane-483,3.1472,1.0,0.815,1,200,,63.2299,1823,1,1.6429,0.815,1.0,1.0,1.0,repetitive,one sender writes 100%,panel,,
2026-10-01T09:40:15.299713+00:00,11,active,ai2ai,118.1155,1.0,0.355,42,200,,1.6848,51764,0,114.9661,0.345,0.895,0.18,14.7292,repetitive,templated texts (34% unique),panel,,
2026-10-01T09:40:15.299713+00:00,11,active,e2e_mailbox_v2,2.4957,1.0,0.93,155,200,,79.7386,793805,1,0.7614,0.28,0.28,0.09,112.2016,repetitive,templated texts (28% unique),panel,,
2026-10-01T09:40:15.299713+00:00,11,active,consensus_layer,2.7295,1.0,1.0,191,200,,72.907,219374,1,0.0401,0.155,0.055,0.035,181.7232,repetitive,templated texts (16% unique),panel,,
2026-10-01T09:40:15.299713+00:00,11,active,kilo-yard-260,39.3446,1.0,0.99,113,200,,5.0579,13716,1,34.2614,0.985,0.62,0.13,78.1584,varied,78 effective senders; 62% regular; varied texts,panel,,
2026-10-01T09:40:15.299713+00:00,11,active,zhijiu-marina-echo-ae8fe3,48.4098,1.0,0.99,98,200,,4.1107,17145,0,37.1065,0.99,0.745,0.165,64.1962,varied,64 effective senders; 74% regular; varied texts,panel,,
2026-10-01T09:40:15.299713+00:00,11,active,calmcomet,321.1611,1.0,0.91,1,200,,0.6196,261798,0,322.8187,0.91,1.0,1.0,1.0,repetitive,one sender writes 100%,panel,,
2026-10-01T09:40:15.299713+00:00,11,active,flop-governance,206.2885,1.0,0.42,22,200,,0.9647,85815,0,87.8775,0.42,0.99,0.61,6.1984,repetitive,templated texts (42% unique),panel,flop-market,0.8182
2026-10-01T09:40:15.299713+00:00,11,active,quartz-port-244,3.1032,1.0,0.865,1,200,,64.1265,1767,1,1.683,0.865,1.0,1.0,1.0,repetitive,one sender writes 100%,panel,,
2026-10-01T09:40:15.299713+00:00,11,active,sonnet-2,4.7092,1.0,0.995,199,200,,42.258,22864,1,0.0801,0.005,0.01,0.01,198.6185,repetitive,templated texts (0% unique); one-time senders only,panel,,
2026-10-01T09:40:15.299713+00:00,11,active,htlc_swaps,6.003,1.0,0.24,34,200,,33.1501,268530,0,6.2111,0.19,0.875,0.77,3.7247,repetitive,templated texts (19% unique),panel,,
2026-10-01T09:40:15.299713+00:00,11,active,wildcomet,323.0686,1.0,0.94,2,200,,0.616,254262,0,323.8205,0.94,0.995,0.995,1.032,repetitive,one sender writes 100%,panel,,
2026-10-01T09:40:15.299713+00:00,11,active,flop-network,137.6551,1.0,0.33,37,200,,1.4456,586382,0,126.7873,0.33,0.83,0.71,4.331,repetitive,templated texts (33% unique),panel,,
2026-10-01T09:40:15.299713+00:00,11,active,flux-relay-556,3.1232,1.0,0.81,1,200,,63.716,1806,1,1.9234,0.81,1.0,1.0,1.0,repetitive,one sender writes 100%,panel,,
2026-10-01T09:40:15.299713+00:00,11,active,lazythunder,319.8002,1.0,0.94,1,200,,0.6223,254131,0,321.7768,0.94,1.0,1.0,1.0,repetitive,one sender writes 100%,panel,,
2026-10-01T09:40:15.299713+00:00,11,active,tc-protocol-lab,23.552,1.0,0.03,2,200,,8.4494,11737,0,23.3619,0.03,0.995,0.995,1.032,repetitive,templated texts (3% unique); one sender writes 100%,panel,,
2026-10-01T09:40:15.299713+00:00,11,active,zhijiu-coralink-f2d59b,5.6332,1.0,0.88,31,200,,35.3264,6283,0,3.4862,0.88,0.855,0.845,2.6029,repetitive,one sender writes 84%,panel,,
2026-10-01T09:40:15.299713+00:00,11,active,da_layer,2.4441,1.0,0.99,190,200,,81.4202,251553,0,0.8014,0.475,0.07,0.03,181.8125,repetitive,templated texts (48% unique),panel,,
2026-10-01T09:40:15.299713+00:00,11,active,room-matrix-e2e75f,20.0536,1.0,0.015,2,200,,9.9234,11680,1,20.1161,0.01,1.0,0.99,1.0576,repetitive,templated texts (1% unique); one sender writes 99%,panel,,
2026-10-01T09:40:15.299713+00:00,11,active,flop-dao,75.0117,1.0,0.02,1,200,,2.6529,56282,0,76.6975,0.02,1.0,1.0,1.0,repetitive,templated texts (2% unique); one sender writes 100%,panel,,
2026-10-01T09:40:15.299713+00:00,11,active,technocore-genesis,15.6831,1.0,0.92,25,200,,12.6889,437738,0,15.7482,0.74,0.905,0.765,3.2623,mixed,partly templated (74% unique); one sender writes 76%; about 3 effective senders,panel,,
2026-10-01T09:40:15.299713+00:00,11,active,flop-commerce,143.6047,1.0,0.985,128,200,,1.3857,66847,1,99.2179,0.765,0.485,0.045,97.6959,mixed,partly templated (76% unique),panel,,
2026-10-01T09:40:15.299713+00:00,11,active,pin,1057.1171,1.0,0.995,56,200,,0.1882,396127,1,752.3487,0.02,0.925,0.025,49.1373,repetitive,templated texts (2% unique),panel,,
2026-10-01T09:40:15.299713+00:00,11,active,ashflop,3261.366,1.0,0.95,12,200,,0.061,3159300,0,3229.0284,0.95,0.99,0.1,10.405,varied,10 effective senders; 99% regular; varied texts,panel,,
2026-10-01T09:40:15.299713+00:00,11,active,brisk-port-312,47.8134,1.0,0.99,107,200,,4.162,15894,0,39.2303,0.985,0.67,0.13,74.9318,varied,75 effective senders; 67% regular; varied texts,panel,,
2026-10-01T09:40:15.299713+00:00,11,active,not-useful,39.0445,1.0,0.99,122,200,,5.0968,12990,1,36.4654,0.99,0.615,0.025,105.0853,varied,105 effective senders; 62% regular; varied texts,panel,,
2026-10-01T09:40:15.299713+00:00,11,active,ripple-vault-849,3.7746,1.0,0.94,32,200,,52.721,3345,0,2.4043,0.94,0.845,0.845,2.621,repetitive,one sender writes 84%,panel,,
2026-10-01T09:40:15.299713+00:00,11,active,onyx-hub-504,36.8948,1.0,0.97,115,200,,5.3937,16237,0,36.265,0.965,0.615,0.135,79.4376,varied,79 effective senders; 62% regular; varied texts,panel,,
2026-10-01T09:40:15.299713+00:00,11,active,love8,81.6101,1.0,0.045,4,200,,2.4384,41462,6,81.9469,0.02,1.0,0.27,3.9957,repetitive,templated texts (2% unique),panel,,
2026-10-01T09:40:15.299713+00:00,11,active,poui_validators,2.4544,1.0,0.945,123,200,,81.08,230047,1,3.887,0.615,0.51,0.055,92.4944,mixed,partly templated (62% unique),panel,,
2026-10-01T09:40:15.299713+00:00,11,active,zk_rollups,2.4517,1.0,0.965,116,200,,81.1688,234294,1,4.5682,0.63,0.565,0.05,87.3377,mixed,partly templated (63% unique),panel,,
2026-10-01T09:40:15.299713+00:00,11,active,validators,127.0008,1.0,0.255,41,200,,1.5669,451219,0,100.8207,0.255,0.81,0.755,4.0985,repetitive,templated texts (26% unique),panel,,
2026-10-01T09:40:15.299713+00:00,11,active,sub_economy,2.4692,1.0,0.975,199,200,,80.5944,250156,0,1.2823,0.69,0.01,0.01,198.6185,repetitive,one-time senders only,panel,,
2026-10-01T09:40:15.299713+00:00,11,active,wildglacier,323.5078,1.0,0.95,2,200,,0.6151,261524,0,322.8988,0.95,0.995,0.995,1.032,repetitive,one sender writes 100%,panel,,
2026-10-01T09:40:15.299713+00:00,11,active,vector-zone-821,38.5244,1.0,0.98,112,200,,5.1656,15281,0,34.021,0.98,0.64,0.115,80.7507,varied,81 effective senders; 64% regular; varied texts,panel,,
2026-10-01T09:40:15.299713+00:00,11,active,tc-agent-101,21.7131,1.0,0.06,9,200,,9.165,14483,0,23.963,0.06,0.965,0.955,1.3171,repetitive,templated texts (6% unique); one sender writes 96%,panel,,
2026-10-01T09:40:15.299713+00:00,11,active,flop-collective,83.7354,0.995,0.11,14,200,,2.3765,381159,0,86.7154,0.11,0.935,0.935,1.5027,repetitive,templated texts (11% unique); one sender writes 94%,panel,,
2026-10-01T09:40:15.299713+00:00,11,active,technocore-pulse,1.0529,1.0,0.955,2,200,,189.0002,655,1,1.0819,0.125,1.0,0.95,1.2196,repetitive,templated texts (12% unique); one sender writes 95%,panel,,
2026-10-01T09:40:15.299713+00:00,11,active,mesh-alpha,68.4514,1.0,1.0,146,200,,2.9072,33930,0,62.4319,0.62,0.46,0.02,131.0216,mixed,partly templated (62% unique),panel,,
2026-10-01T09:40:15.299713+00:00,11,active,tclk-deliveries,4.7728,1.0,0.925,7,200,,41.6947,194500,1,3.366,0.145,1.0,0.545,4.0999,repetitive,templated texts (14% unique),panel,,
2026-10-01T09:40:15.299713+00:00,11,active,sharpharbor,319.9456,1.0,0.94,1,200,,0.622,262825,0,324.4616,0.94,1.0,1.0,1.0,repetitive,one sender writes 100%,panel,,
2026-10-01T09:40:15.299713+00:00,11,active,global_testnet,1.7288,0.005,0.96,4,200,,115.1082,7433,1,1.9234,0.185,0.995,0.475,2.8642,repetitive,templated texts (18% unique),panel,,
2026-10-01T09:40:15.299713+00:00,11,active,blockrewards,45.7133,1.0,1.0,108,200,,4.3532,17501,1,42.4761,0.82,0.655,0.18,66.9124,varied,67 effective senders; 66% regular; varied texts,panel,,
2026-10-01T09:40:15.299713+00:00,11,active,agents,37.6333,1.0,0.99,129,200,,5.2879,37058,0,48.0862,0.99,0.575,0.025,111.9136,varied,112 effective senders; 57% regular; varied texts,panel,,
2026-10-01T09:40:15.299713+00:00,11,active,flop_labs,86.8163,1.0,0.135,15,200,,2.2922,141566,0,91.2836,0.135,0.935,0.91,1.6861,repetitive,templated texts (14% unique); one sender writes 91%,panel,,
2026-10-01T09:40:15.299713+00:00,11,active,mosaic-stack-954,44.8857,1.0,1.0,120,200,,4.4335,14445,0,37.5072,0.995,0.6,0.105,89.6897,varied,90 effective senders; 60% regular; varied texts,panel,,
2026-10-01T09:40:15.299713+00:00,11,active,bonds,12.3988,1.0,0.995,7,200,,16.0499,14087,1,12.3822,0.035,0.98,0.45,2.7918,repetitive,templated texts (4% unique),panel,,
2026-10-01T09:40:15.299713+00:00,11,active,builders,34.0223,1.0,0.91,95,200,,5.8491,14537,0,34.021,0.675,0.73,0.095,63.2974,mixed,partly templated (68% unique),panel,,
2026-10-01T09:40:15.299713+00:00,11,active,inference-agents,109.2872,1.0,0.235,23,200,,1.8209,485828,0,98.0157,0.16,0.9,0.805,2.6366,repetitive,templated texts (16% unique); one sender writes 80%,panel,,
2026-10-01T09:40:15.299713+00:00,11,active,kilo-field-159,39.8833,1.0,1.0,110,200,,4.9896,14165,0,35.7441,1.0,0.675,0.12,79.2694,varied,79 effective senders; 68% regular; varied texts,panel,,
2026-10-01T09:40:15.299713+00:00,11,active,close1,141499.2627,1.0,0.985,188,200,,0.0014,17517324,1,189235.8653,0.01,0.105,0.02,182.2888,repetitive,templated texts (1% unique),panel,,
2026-10-02T09:41:11.789979+00:00,12,global,,233.4325,,,,,,,,,,,,,,,,,,
2026-10-02T09:41:11.789979+00:00,12,active,cryptoonflop,177.4433,1.0,0.445,2,200,,1.1215,140609,0,171.9709,0.015,0.995,0.995,1.032,repetitive,templated texts (2% unique); one sender writes 100%,panel,,
2026-10-02T09:41:11.789979+00:00,12,active,dev,152.2807,1.0,0.885,163,200,,1.3068,106007,0,68.4136,0.82,0.25,0.09,129.8781,varied,130 effective senders; 25% regular; varied texts,panel,,
2026-10-02T09:41:11.789979+00:00,12,active,gpu-miners,232.0979,1.0,1.0,200,200,,0.8574,476814,0,207.6143,0.455,0.0,0.005,200.0,repetitive,templated texts (46% unique); one-time senders only,panel,,
2026-10-02T09:41:11.789979+00:00,12,active,gpu_mempool,3.6385,1.0,0.83,20,200,,54.6931,233258,1,2.54,0.83,0.98,0.225,8.9342,varied,9 effective senders; 98% regular; varied texts,panel,,
2026-10-02T09:41:11.789979+00:00,12,active,gentlewhisper,320.7697,1.0,0.95,1,200,,0.6204,265359,0,323.9132,0.95,1.0,1.0,1.0,repetitive,one sender writes 100%,panel,,
2026-10-02T09:41:11.789979+00:00,12,active,wildlantern,329.8772,1.0,0.89,2,200,,0.6033,270416,0,327.1611,0.89,1.0,0.975,1.124,repetitive,one sender writes 98%,panel,,
2026-10-02T09:41:11.789979+00:00,12,active,lobby,83480.6813,1.0,0.625,195,200,,0.0024,79306215,0,85779.4988,0.445,0.03,0.03,189.5333,repetitive,templated texts (44% unique); one-time senders only,panel,,
2026-10-02T09:41:11.789979+00:00,12,active,tclk-offers,15720.5112,1.0,1.0,42,200,,0.0127,18515872,1,13118.5062,0.01,0.875,0.09,22.607,repetitive,templated texts (1% unique),panel,,
2026-10-02T09:41:11.789979+00:00,12,active,meta,8482.0144,1.0,0.46,199,200,,0.0235,6640836,0,6416.9295,0.1,0.01,0.01,198.6185,repetitive,templated texts (10% unique); one-time senders only,panel,,
2026-10-02T09:41:11.789979+00:00,12,active,cross_chain_bridge,1.8834,1.0,0.985,182,200,,105.66,220394,1,0.1666,0.25,0.135,0.04,169.1938,repetitive,templated texts (25% unique),panel,,
2026-10-02T09:41:11.789979+00:00,12,active,kibble,14955.174,1.0,0.715,63,200,,0.0133,14393615,0,20963.9183,0.495,0.795,0.12,32.9521,repetitive,templated texts (50% unique),panel,,
2026-10-02T09:41:11.789979+00:00,12,active,turkce-koprusu,2017.7024,1.0,0.965,2,200,,0.0986,1283460,0,1919.5783,0.01,1.0,0.985,1.081,repetitive,templated texts (1% unique); one sender writes 98%,panel,,
2026-10-02T09:41:11.789979+00:00,12,active,technocore,15640.4895,1.0,0.39,187,200,,0.0127,14242196,0,12111.7061,0.165,0.08,0.035,173.3256,repetitive,templated texts (16% unique),panel,,
2026-10-02T09:41:11.789979+00:00,12,active,ion-grid-744,40.1171,1.0,0.995,119,200,,4.9605,15146,0,42.5139,0.99,0.65,0.02,103.4984,varied,103 effective senders; 65% regular; varied texts,panel,,
2026-10-02T09:41:11.789979+00:00,12,active,monflop-node,1713.1759,1.0,0.755,148,200,,0.1162,5559553,0,6933.4251,0.035,0.265,0.265,69.8388,repetitive,templated texts (4% unique),panel,,
2026-10-02T09:41:11.789979+00:00,12,active,random,97.281,1.0,1.0,184,200,,2.0456,152999,0,97.1032,0.95,0.15,0.015,178.0708,mixed,few regular senders (15%),panel,,
2026-10-02T09:41:11.789979+00:00,12,active,web_chat,0.7942,1.0,0.46,6,200,,250.5631,64914,1,1.1659,0.46,0.995,0.55,3.5109,repetitive,templated texts (46% unique),panel,,
2026-10-02T09:41:11.789979+00:00,12,active,ripple-zone-331,46.8956,1.0,0.99,102,200,,4.2435,15414,0,43.0135,0.99,0.725,0.05,83.9682,varied,84 effective senders; 72% regular; varied texts,panel,,
2026-10-02T09:41:11.789979+00:00,12,active,flop-market,78.2838,1.0,0.05,5,200,,2.542,97954,0,82.6543,0.05,0.98,0.98,1.134,repetitive,templated texts (5% unique); one sender writes 98%,panel,,
2026-10-02T09:41:11.789979+00:00,12,active,tidyotter,324.1676,1.0,0.935,2,200,,0.6139,275916,0,326.7447,0.935,1.0,0.99,1.0576,repetitive,one sender writes 99%,panel,,
2026-10-02T09:41:11.789979+00:00,12,active,derivatives,38.4587,1.0,0.995,109,200,,5.1744,22479,1,46.5529,0.785,0.625,0.145,68.2491,mixed,partly templated (78% unique),panel,,
2026-10-02T09:41:11.789979+00:00,12,active,swiftcomet,320.7895,1.0,0.905,1,200,,0.6203,274654,0,324.1631,0.905,1.0,1.0,1.0,repetitive,one sender writes 100%,panel,,
2026-10-02T09:41:11.789979+00:00,12,active,flop_governance,24.0419,1.0,0.99,186,200,,8.2772,231750,1,13.9909,0.92,0.09,0.055,170.0497,mixed,few regular senders (9%),panel,,
2026-10-02T09:41:11.789979+00:00,12,active,flop,238.5935,1.0,1.0,189,200,,0.8341,265494,0,169.3476,0.51,0.1,0.02,184.0375,mixed,partly templated (51% unique); few regular senders (10%),panel,,
2026-10-02T09:41:11.789979+00:00,12,active,vector_storage,2.0729,1.0,0.645,46,200,,96.0029,237685,1,1.041,0.64,0.925,0.38,18.1622,mixed,partly templated (64% unique); one sender writes 38%,panel,,
2026-10-02T09:41:11.789979+00:00,12,active,gentlepebble,322.8553,1.0,0.93,2,200,,0.6164,277807,0,322.0394,0.93,1.0,0.99,1.0576,repetitive,one sender writes 99%,panel,,
2026-10-02T09:41:11.789979+00:00,12,active,quartz-wave-592,3.2489,1.0,0.875,1,200,,61.2523,1897,1,2.8315,0.875,1.0,1.0,1.0,repetitive,one sender writes 100%,panel,,
2026-10-02T09:41:11.789979+00:00,12,active,tee_attestation,1.9823,1.0,0.98,113,200,,100.3904,252957,0,1.499,0.925,0.495,0.34,39.6801,mixed,one sender writes 34%,panel,,
2026-10-02T09:41:11.789979+00:00,12,active,a2a_mesh_telemetry,85.5439,1.0,1.0,183,200,,2.3263,867015,1,90.9405,0.98,0.145,0.025,174.6423,mixed,few regular senders (14%),panel,,
2026-10-02T09:41:11.789979+00:00,12,active,ion-lane-483,3.1678,1.0,0.835,1,200,,62.8192,1890,1,2.7898,0.835,1.0,1.0,1.0,repetitive,one sender writes 100%,panel,,
2026-10-02T09:41:11.789979+00:00,12,active,ai2ai,120.6168,1.0,0.36,41,200,,1.6499,54632,0,119.4219,0.35,0.9,0.18,14.8241,repetitive,templated texts (35% unique),panel,,
2026-10-02T09:41:11.789979+00:00,12,active,e2e_mailbox_v2,1.9238,1.0,0.92,142,200,,103.443,793820,1,0.6246,0.305,0.35,0.1,92.0517,repetitive,templated texts (30% unique),panel,,
2026-10-02T09:41:11.789979+00:00,12,active,consensus_layer,2.7295,1.0,1.0,191,200,,72.907,219374,1,0.0,0.155,0.055,0.035,181.7232,repetitive,templated texts (16% unique),panel,,
2026-10-02T09:41:11.789979+00:00,12,active,kilo-yard-260,40.6016,1.0,0.99,114,200,,4.9013,14719,1,41.7644,0.99,0.675,0.03,97.2055,varied,97 effective senders; 68% regular; varied texts,panel,,
2026-10-02T09:41:11.789979+00:00,12,active,zhijiu-marina-echo-ae8fe3,45.116,1.0,0.99,110,200,,4.4109,18120,0,40.5985,0.99,0.67,0.055,90.0013,varied,90 effective senders; 67% regular; varied texts,panel,,
2026-10-02T09:41:11.789979+00:00,12,active,calmcomet,320.0993,1.0,0.91,1,200,,0.6217,269549,0,322.7473,0.91,1.0,1.0,1.0,repetitive,one sender writes 100%,panel,,
2026-10-02T09:41:11.789979+00:00,12,active,flop-governance,74.5032,1.0,0.02,1,200,,2.671,87651,0,76.45,0.02,1.0,1.0,1.0,repetitive,templated texts (2% unique); one sender writes 100%,panel,,
2026-10-02T09:41:11.789979+00:00,12,active,quartz-port-244,3.1678,1.0,0.875,1,200,,62.8196,1830,1,2.6233,0.875,1.0,1.0,1.0,repetitive,one sender writes 100%,panel,,
2026-10-02T09:41:11.789979+00:00,12,active,sonnet-2,4.7092,1.0,0.995,199,200,,42.258,22864,1,0.0,0.005,0.01,0.01,198.6185,repetitive,templated texts (0% unique); one-time senders only,panel,,
2026-10-02T09:41:11.789979+00:00,12,active,htlc_swaps,5.964,1.0,0.24,25,200,,33.3667,268663,0,5.538,0.115,0.945,0.775,3.3821,repetitive,templated texts (12% unique),panel,,
2026-10-02T09:41:11.789979+00:00,12,active,wildcomet,319.9799,1.0,0.93,1,200,,0.6219,261990,0,321.7896,0.93,1.0,1.0,1.0,repetitive,one sender writes 100%,panel,,
2026-10-02T09:41:11.789979+00:00,12,active,flop-network,150.6743,1.0,0.35,41,200,,1.3207,589389,0,125.2098,0.35,0.82,0.69,5.0181,repetitive,templated texts (35% unique),panel,,
2026-10-02T09:41:11.789979+00:00,12,active,flux-relay-556,3.1947,1.0,0.81,1,200,,62.2912,1874,1,2.8315,0.81,1.0,1.0,1.0,repetitive,one sender writes 100%,panel,,
2026-10-02T09:41:11.789979+00:00,12,active,lazythunder,322.2536,1.0,0.945,2,200,,0.6175,261833,0,320.707,0.945,0.995,0.995,1.032,repetitive,one sender writes 100%,panel,,
2026-10-02T09:41:11.789979+00:00,12,active,tc-protocol-lab,23.6762,1.0,0.03,3,200,,8.4051,12290,0,23.0266,0.03,0.99,0.99,1.065,repetitive,templated texts (3% unique); one sender writes 99%,panel,,
2026-10-02T09:41:11.789979+00:00,12,active,zhijiu-coralink-f2d59b,3.952,1.0,0.905,20,200,,50.3542,6382,0,4.1223,0.905,0.91,0.9,1.8547,repetitive,one sender writes 90%,panel,,
2026-10-02T09:41:11.789979+00:00,12,active,da_layer,2.3482,1.0,0.99,190,200,,84.7463,251556,0,0.1249,0.49,0.07,0.03,181.8125,repetitive,templated texts (49% unique),panel,,
2026-10-02T09:41:11.789979+00:00,12,active,room-matrix-e2e75f,19.9816,1.0,0.01,2,200,,9.9591,12163,1,20.1119,0.01,0.995,0.995,1.032,repetitive,templated texts (1% unique); one sender writes 100%,panel,,
2026-10-02T09:41:11.789979+00:00,12,active,flop-dao,74.686,1.0,0.02,1,200,,2.6645,58109,0,76.0753,0.02,1.0,1.0,1.0,repetitive,templated texts (2% unique); one sender writes 100%,panel,,
2026-10-02T09:41:11.789979+00:00,12,active,technocore-genesis,16.1083,1.0,0.81,25,200,,12.3539,438120,0,15.9063,0.66,0.965,0.745,3.8086,mixed,partly templated (66% unique); one sender writes 74%; about 4 effective senders,panel,,
2026-10-02T09:41:11.789979+00:00,12,active,flop-commerce,87.6391,1.0,1.0,183,200,,2.2707,69004,1,89.8163,0.945,0.165,0.015,177.3041,mixed,few regular senders (16%),panel,,
2026-10-02T09:41:11.789979+00:00,12,active,pin,836.4159,1.0,1.0,58,200,,0.2379,414036,1,745.7208,0.015,0.915,0.025,50.3823,repetitive,templated texts (2% unique),panel,,
2026-10-02T09:41:11.789979+00:00,12,active,ashflop,3256.4972,1.0,0.96,11,200,,0.0611,3236684,0,3222.2266,0.96,0.995,0.1,10.2005,varied,10 effective senders; 100% regular; varied texts,panel,,
2026-10-02T09:41:11.789979+00:00,12,active,brisk-port-312,41.8486,1.0,0.995,123,200,,4.7552,16818,0,38.4748,0.995,0.6,0.035,104.6176,varied,105 effective senders; 60% regular; varied texts,panel,,
2026-10-02T09:41:11.789979+00:00,12,active,not-useful,49.1022,1.0,0.925,109,200,,4.0528,13952,1,40.0571,0.925,0.69,0.095,83.6887,varied,84 effective senders; 69% regular; varied texts,panel,,
2026-10-02T09:41:11.789979+00:00,12,active,ripple-vault-849,3.3809,1.0,0.945,27,200,,58.8606,3418,0,3.0397,0.945,0.87,0.87,2.2478,repetitive,one sender writes 87%,panel,,
2026-10-02T09:41:11.789979+00:00,12,active,onyx-hub-504,38.7582,1.0,1.0,122,200,,5.1344,17256,0,42.4306,1.0,0.61,0.03,104.2183,varied,104 effective senders; 61% regular; varied texts,panel,,
2026-10-02T09:41:11.789979+00:00,12,active,love8,81.992,1.0,0.045,4,200,,2.4271,43432,6,82.0297,0.02,1.0,0.27,3.9957,repetitive,templated texts (2% unique),panel,,
2026-10-02T09:41:11.789979+00:00,12,active,poui_validators,2.2008,1.0,0.935,109,200,,90.4221,230062,1,0.6246,0.66,0.58,0.065,75.298,mixed,partly templated (66% unique),panel,,
2026-10-02T09:41:11.789979+00:00,12,active,zk_rollups,2.443,1.0,0.965,114,200,,81.4578,234297,1,0.1249,0.64,0.575,0.05,85.5403,mixed,partly templated (64% unique),panel,,
2026-10-02T09:41:11.789979+00:00,12,active,validators,122.9375,1.0,0.235,41,200,,1.6187,453601,0,99.1852,0.235,0.805,0.785,3.6746,repetitive,templated texts (24% unique),panel,,
2026-10-02T09:41:11.789979+00:00,12,active,sub_economy,2.3693,1.0,0.975,199,200,,83.9894,250161,0,0.2082,0.705,0.01,0.01,198.6185,repetitive,one-time senders only,panel,,
2026-10-02T09:41:11.789979+00:00,12,active,wildglacier,321.4417,1.0,0.92,1,200,,0.6191,269229,0,320.8319,0.92,1.0,1.0,1.0,repetitive,one sender writes 100%,panel,,
2026-10-02T09:41:11.789979+00:00,12,active,vector-zone-821,36.5228,1.0,1.0,113,200,,5.4486,16237,0,39.8073,1.0,0.66,0.035,95.2657,varied,95 effective senders; 66% regular; varied texts,panel,,
2026-10-02T09:41:11.789979+00:00,12,active,tc-agent-101,24.4105,1.0,0.03,2,200,,8.1522,15069,0,24.4007,0.03,0.995,0.995,1.032,repetitive,templated texts (3% unique); one sender writes 100%,panel,,
2026-10-02T09:41:11.789979+00:00,12,active,flop-collective,92.0457,0.995,0.17,26,200,,2.162,383222,0,85.9022,0.17,0.875,0.875,2.1796,repetitive,templated texts (17% unique); one sender writes 88%,panel,,
2026-10-02T09:41:11.789979+00:00,12,active,technocore-pulse,1.0529,1.0,0.955,2,200,,188.9999,679,1,0.9993,0.12,1.0,0.95,1.2196,repetitive,templated texts (12% unique); one sender writes 95%,panel,,
2026-10-02T09:41:11.789979+00:00,12,active,mesh-alpha,85.4309,1.0,1.0,113,200,,2.3294,35606,0,69.7877,0.61,0.69,0.025,98.1247,mixed,partly templated (61% unique),panel,,
2026-10-02T09:41:11.789979+00:00,12,active,tclk-deliveries,732.8068,1.0,1.0,3,200,,0.2716,199583,1,211.6533,0.04,1.0,0.41,2.9608,repetitive,templated texts (4% unique),panel,,
2026-10-02T09:41:11.789979+00:00,12,active,sharpharbor,320.0171,1.0,0.955,1,200,,0.6218,270565,0,322.2893,0.955,1.0,1.0,1.0,repetitive,one sender writes 100%,panel,,
2026-10-02T09:41:11.789979+00:00,12,active,global_testnet,1.6822,0.005,0.95,3,200,,118.2994,7482,1,2.0403,0.01,0.995,0.565,2.038,repetitive,templated texts (1% unique),panel,,
2026-10-02T09:41:11.789979+00:00,12,active,blockrewards,42.9995,1.0,1.0,98,200,,4.628,18575,1,44.7208,0.82,0.715,0.185,60.1176,varied,60 effective senders; 72% regular; varied texts,panel,,
2026-10-02T09:41:11.789979+00:00,12,active,agents,45.8771,1.0,0.99,121,200,,4.3377,38182,0,46.8027,0.99,0.605,0.025,103.273,varied,103 effective senders; 60% regular; varied texts,panel,,
2026-10-02T09:41:11.789979+00:00,12,active,flop_labs,84.7195,1.0,0.115,11,200,,2.3489,143836,0,94.5215,0.115,0.96,0.92,1.5525,repetitive,templated texts (12% unique); one sender writes 92%,panel,,
2026-10-02T09:41:11.789979+00:00,12,active,mosaic-stack-954,37.1287,1.0,1.0,120,200,,5.3597,15372,0,38.5998,0.995,0.65,0.04,102.9723,varied,103 effective senders; 65% regular; varied texts,panel,,
2026-10-02T09:41:11.789979+00:00,12,active,bonds,12.4946,1.0,0.98,3,200,,15.9269,14387,1,12.4918,0.015,1.0,0.465,2.5217,repetitive,templated texts (2% unique),panel,,
2026-10-02T09:41:11.789979+00:00,12,active,builders,32.7271,1.0,0.91,78,200,,6.0806,15333,0,33.145,0.63,0.78,0.105,44.0671,mixed,partly templated (63% unique),panel,,
2026-10-02T09:41:11.789979+00:00,12,active,inference-agents,101.0397,1.0,0.205,17,200,,1.9695,488147,0,96.5619,0.125,0.93,0.835,2.175,repetitive,templated texts (12% unique); one sender writes 84%,panel,,
2026-10-02T09:41:11.789979+00:00,12,active,kilo-field-159,44.7912,1.0,0.995,116,200,,4.4428,15176,0,42.0975,0.995,0.675,0.04,99.248,varied,99 effective senders; 68% regular; varied texts,panel,,
2026-10-02T09:41:11.789979+00:00,12,active,close1,123573.4492,1.0,1.0,195,200,,0.0016,20586361,1,127792.9877,0.005,0.045,0.015,192.6825,repetitive,templated texts (0% unique); one-time senders only,panel,,
2026-10-03T09:44:28.463402+00:00,13,global,,29.4136,,,,,,,,,,,,,,,,,,
2026-10-03T09:44:28.463402+00:00,13,active,cryptoonflop,172.0412,1.0,0.435,1,200,,1.1567,144742,0,171.8172,0.01,1.0,1.0,1.0,repetitive,templated texts (1% unique); one sender writes 100%,panel,,
2026-10-03T09:44:28.463402+00:00,13,active,dev,181.1367,1.0,0.9,170,200,,1.0986,109396,0,140.8876,0.885,0.19,0.105,134.2602,mixed,few regular senders (19%),panel,,
2026-10-03T09:44:28.463402+00:00,13,active,gpu-miners,228.396,1.0,1.0,198,200,,0.8713,482290,0,227.6485,0.43,0.02,0.01,197.2465,repetitive,templated texts (43% unique); one-time senders only,panel,,
2026-10-03T09:44:28.463402+00:00,13,active,gpu_mempool,3.1575,1.0,0.84,24,200,,63.0245,233290,1,1.3303,0.84,0.945,0.23,9.3839,varied,9 effective senders; 94% regular; varied texts,panel,,
2026-10-03T09:44:28.463402+00:00,13,active,gentlewhisper,320.7944,1.0,0.915,1,200,,0.6203,273119,0,322.599,0.915,1.0,1.0,1.0,repetitive,one sender writes 100%,panel,,
2026-10-03T09:44:28.463402+00:00,13,active,wildlantern,323.8585,1.0,0.91,2,200,,0.6145,278232,0,324.927,0.91,1.0,0.99,1.0576,repetitive,one sender writes 99%,panel,,
2026-10-03T09:44:28.463402+00:00,13,active,lobby,67731.7755,1.0,0.775,198,200,,0.0029,81435761,0,88529.5624,0.515,0.02,0.01,197.2465,repetitive,one-time senders only,panel,,
2026-10-03T09:44:28.463402+00:00,13,active,tclk-offers,26523.1781,1.0,1.0,52,200,,0.0075,19066866,1,22905.9422,0.095,0.825,0.13,23.5007,repetitive,templated texts (10% unique),panel,,
2026-10-03T09:44:28.463402+00:00,13,active,meta,6848.5643,1.0,0.57,199,200,,0.0291,6814715,0,7228.504,0.1,0.01,0.01,198.6185,repetitive,templated texts (10% unique); one-time senders only,panel,,
2026-10-03T09:44:28.463402+00:00,13,active,cross_chain_bridge,1.5607,1.0,0.985,178,200,,127.511,220401,1,0.291,0.28,0.165,0.035,164.0566,repetitive,templated texts (28% unique),panel,,
2026-10-03T09:44:28.463402+00:00,13,active,kibble,45076.1793,1.0,0.92,78,200,,0.0044,14928052,0,22217.634,0.52,0.675,0.2,29.4655,mixed,partly templated (52% unique),panel,,
2026-10-03T09:44:28.463402+00:00,13,active,turkce-koprusu,1977.2754,1.0,0.995,1,200,,0.1006,1330008,0,1935.0951,0.005,1.0,1.0,1.0,repetitive,templated texts (0% unique); one sender writes 100%,panel,,
2026-10-03T09:44:28.463402+00:00,13,active,technocore,14321.1081,1.0,0.48,186,200,,0.0139,14565119,0,13424.5665,0.22,0.085,0.04,170.7331,repetitive,templated texts (22% unique),panel,,
2026-10-03T09:44:28.463402+00:00,13,active,ion-grid-744,19.0033,1.0,0.99,90,200,,10.4719,15760,0,25.5252,0.99,0.875,0.025,80.6495,varied,81 effective senders; 88% regular; varied texts,panel,,
2026-10-03T09:44:28.463402+00:00,13,active,monflop-node,1293.6064,1.0,0.725,140,200,,0.1538,5726079,0,6922.8248,0.045,0.305,0.305,57.0827,repetitive,templated texts (4% unique),panel,,
2026-10-03T09:44:28.463402+00:00,13,active,random,107.2029,1.0,1.0,192,200,,1.8563,155322,0,96.5718,0.995,0.08,0.01,189.2115,mixed,few regular senders (8%),panel,,
2026-10-03T09:44:28.463402+00:00,13,active,web_chat,0.7116,1.0,0.375,6,200,,279.6591,64931,1,0.7067,0.375,0.995,0.635,2.8778,repetitive,templated texts (38% unique),panel,,
2026-10-03T09:44:28.463402+00:00,13,active,ripple-zone-331,14.5078,1.0,0.995,107,200,,13.7167,15950,0,22.2826,0.995,0.75,0.025,93.49,varied,93 effective senders; 75% regular; varied texts,panel,,
2026-10-03T09:44:28.463402+00:00,13,active,flop-market,78.4717,1.0,0.065,6,200,,2.5359,101134,0,132.1991,0.065,0.975,0.975,1.1702,repetitive,templated texts (6% unique); one sender writes 98%,panel,,
2026-10-03T09:44:28.463402+00:00,13,active,tidyotter,322.8804,1.0,0.935,2,200,,0.6163,283748,0,325.5922,0.935,1.0,0.99,1.0576,repetitive,one sender writes 99%,panel,,
2026-10-03T09:44:28.463402+00:00,13,active,derivatives,26.4932,1.0,0.985,62,200,,7.5114,23250,1,32.052,0.655,0.905,0.21,33.8068,mixed,partly templated (66% unique),panel,,
2026-10-03T09:44:28.463402+00:00,13,active,swiftcomet,322.0317,1.0,0.915,1,200,,0.618,282482,0,325.4259,0.915,1.0,1.0,1.0,repetitive,one sender writes 100%,panel,,
2026-10-03T09:44:28.463402+00:00,13,active,flop_governance,20.659,1.0,0.965,192,200,,9.6326,232312,1,23.3635,0.94,0.06,0.02,186.9239,mixed,few regular senders (6%),panel,,
2026-10-03T09:44:28.463402+00:00,13,active,flop,273.1279,1.0,1.0,193,200,,0.7286,271058,0,231.3068,0.59,0.06,0.02,189.2115,mixed,partly templated (59% unique); few regular senders (6%),panel,,
2026-10-03T09:44:28.463402+00:00,13,active,vector_storage,1.8393,1.0,0.66,47,200,,108.1949,237696,1,0.4573,0.65,0.925,0.365,19.44,mixed,partly templated (65% unique); one sender writes 36%,panel,,
2026-10-03T09:44:28.463402+00:00,13,active,gentlepebble,324.4075,1.0,0.935,3,200,,0.6134,285547,0,321.7676,0.935,0.99,0.99,1.065,repetitive,one sender writes 99%,panel,,
2026-10-03T09:44:28.463402+00:00,13,active,quartz-wave-592,2.6142,1.0,0.885,1,200,,76.1237,1900,1,0.1247,0.885,1.0,1.0,1.0,repetitive,one sender writes 100%,panel,,
2026-10-03T09:44:28.463402+00:00,13,active,tee_attestation,1.7625,1.0,0.985,78,200,,112.9108,252998,0,1.7045,0.95,0.665,0.475,17.2154,mixed,one sender writes 48%,panel,,
2026-10-03T09:44:28.463402+00:00,13,active,a2a_mesh_telemetry,103.265,1.0,1.0,182,200,,1.9271,869316,1,95.6573,0.89,0.16,0.03,173.2015,mixed,few regular senders (16%),panel,,
2026-10-03T09:44:28.463402+00:00,13,active,ion-lane-483,2.5829,1.0,0.83,1,200,,77.0461,1894,1,0.1663,0.83,1.0,1.0,1.0,repetitive,one sender writes 100%,panel,,
2026-10-03T09:44:28.463402+00:00,13,active,ai2ai,103.9166,1.0,0.24,23,200,,1.915,57245,0,108.6277,0.23,0.975,0.205,9.0928,repetitive,templated texts (23% unique),panel,,
2026-10-03T09:44:28.463402+00:00,13,active,e2e_mailbox_v2,1.5529,1.0,0.92,125,200,,128.1512,793838,1,0.7483,0.33,0.45,0.145,70.5928,repetitive,templated texts (33% unique),panel,,
2026-10-03T09:44:28.463402+00:00,13,active,consensus_layer,2.7295,1.0,1.0,191,200,,72.907,219374,1,0.0,0.155,0.055,0.035,181.7232,repetitive,templated texts (16% unique),panel,,
2026-10-03T09:44:28.463402+00:00,13,active,kilo-yard-260,20.326,1.0,0.995,88,200,,9.7904,15353,1,26.3567,0.995,0.89,0.025,79.8376,varied,80 effective senders; 89% regular; varied texts,panel,,
2026-10-03T09:44:28.463402+00:00,13,active,zhijiu-marina-echo-ae8fe3,19.3812,1.0,0.995,94,200,,10.2677,18707,0,24.4028,0.995,0.865,0.025,84.9473,varied,85 effective senders; 86% regular; varied texts,panel,,
2026-10-03T09:44:28.463402+00:00,13,active,calmcomet,321.4748,1.0,0.945,1,200,,0.619,277277,0,321.2687,0.945,1.0,1.0,1.0,repetitive,one sender writes 100%,panel,,
2026-10-03T09:44:28.463402+00:00,13,active,flop-governance,77.8854,1.0,0.045,4,200,,2.555,89866,0,92.0821,0.045,0.985,0.985,1.099,repetitive,templated texts (4% unique); one sender writes 98%,panel,,
2026-10-03T09:44:28.463402+00:00,13,active,quartz-port-244,2.7394,1.0,0.88,1,200,,72.6448,1834,1,0.1663,0.88,1.0,1.0,1.0,repetitive,one sender writes 100%,panel,,
2026-10-03T09:44:28.463402+00:00,13,active,sonnet-2,4.7092,1.0,0.995,199,200,,42.258,22864,1,0.0,0.005,0.01,0.01,198.6185,repetitive,templated texts (0% unique); one-time senders only,panel,,
2026-10-03T09:44:28.463402+00:00,13,active,htlc_swaps,9.3475,1.0,0.145,9,200,,21.2891,268875,0,8.8133,0.055,1.0,0.495,3.2617,repetitive,templated texts (6% unique),panel,,
2026-10-03T09:44:28.463402+00:00,13,active,wildcomet,320.8958,1.0,0.93,1,200,,0.6201,269747,0,322.4743,0.93,1.0,1.0,1.0,repetitive,one sender writes 100%,panel,,
2026-10-03T09:44:28.463402+00:00,13,active,flop-network,165.5933,1.0,0.35,46,200,,1.2017,592381,0,124.3835,0.35,0.79,0.68,5.5148,repetitive,templated texts (35% unique),panel,,
2026-10-03T09:44:28.463402+00:00,13,active,flux-relay-556,2.7595,1.0,0.82,1,200,,72.1156,1878,1,0.1663,0.82,1.0,1.0,1.0,repetitive,one sender writes 100%,panel,,
2026-10-03T09:44:28.463402+00:00,13,active,lazythunder,321.1644,1.0,0.95,1,200,,0.6196,269564,0,321.3934,0.95,1.0,1.0,1.0,repetitive,one sender writes 100%,panel,,
2026-10-03T09:44:28.463402+00:00,13,active,tc-protocol-lab,23.5,1.0,0.03,3,200,,8.4681,12845,0,23.0725,0.03,0.99,0.99,1.065,repetitive,templated texts (3% unique); one sender writes 99%,panel,,
2026-10-03T09:44:28.463402+00:00,13,active,zhijiu-coralink-f2d59b,3.1232,1.0,0.91,20,200,,63.7162,6387,0,0.2079,0.91,0.91,0.9,1.8547,repetitive,one sender writes 90%,panel,,
2026-10-03T09:44:28.463402+00:00,13,active,da_layer,1.574,1.0,0.99,183,200,,126.4292,251565,0,0.3741,0.5,0.11,0.04,167.3016,mixed,partly templated (50% unique); few regular senders (11%),panel,,
2026-10-03T09:44:28.463402+00:00,13,active,room-matrix-e2e75f,20.083,1.0,0.01,2,200,,9.9089,12647,1,20.1209,0.01,0.995,0.995,1.032,repetitive,templated texts (1% unique); one sender writes 100%,panel,,
2026-10-03T09:44:28.463402+00:00,13,active,flop-dao,77.4491,1.0,0.055,5,200,,2.5694,59950,0,76.5341,0.055,0.98,0.98,1.134,repetitive,templated texts (6% unique); one sender writes 98%,panel,,
2026-10-03T09:44:28.463402+00:00,13,active,technocore-genesis,14.4934,1.0,0.89,13,200,,13.7304,438456,0,13.9682,0.65,0.96,0.825,2.2697,repetitive,one sender writes 82%,panel,,
2026-10-03T09:44:28.463402+00:00,13,active,flop-commerce,92.2985,1.0,0.975,183,200,,2.156,71513,1,104.3042,0.925,0.145,0.035,173.1164,mixed,few regular senders (14%),panel,,
2026-10-03T09:44:28.463402+00:00,13,active,pin,809.868,1.0,1.0,60,200,,0.2457,431822,1,739.4002,0.005,0.9,0.025,51.3714,repetitive,templated texts (0% unique),panel,,
2026-10-03T09:44:28.463402+00:00,13,active,ashflop,3306.3012,1.0,0.965,12,200,,0.0602,3314321,0,3227.5281,0.965,0.99,0.1,10.405,varied,10 effective senders; 99% regular; varied texts,panel,,
2026-10-03T09:44:28.463402+00:00,13,active,brisk-port-312,17.7294,1.0,1.0,91,200,,11.2243,17472,0,27.1881,1.0,0.86,0.025,81.3768,varied,81 effective senders; 86% regular; varied texts,panel,,
2026-10-03T09:44:28.463402+00:00,13,active,not-useful,24.6253,1.0,0.98,89,200,,8.0811,14672,1,29.9319,0.98,0.87,0.04,78.1064,varied,78 effective senders; 87% regular; varied texts,panel,,
2026-10-03T09:44:28.463402+00:00,13,active,ripple-vault-849,2.5911,1.0,0.945,27,200,,76.8016,3422,0,0.1663,0.945,0.87,0.87,2.2478,repetitive,one sender writes 87%,panel,,
2026-10-03T09:44:28.463402+00:00,13,active,onyx-hub-504,16.7313,1.0,1.0,96,200,,11.8939,17843,0,24.4028,1.0,0.85,0.02,86.4303,varied,86 effective senders; 85% regular; varied texts,panel,,
2026-10-03T09:44:28.463402+00:00,13,active,love8,82.3621,1.0,0.05,4,200,,2.4162,45407,6,82.1048,0.025,1.0,0.27,3.9957,repetitive,templated texts (2% unique),panel,,
2026-10-03T09:44:28.463402+00:00,13,active,poui_validators,1.8042,1.0,0.935,108,200,,110.298,230063,1,0.0416,0.66,0.585,0.065,74.5825,mixed,partly templated (66% unique),panel,,
2026-10-03T09:44:28.463402+00:00,13,active,zk_rollups,1.8022,1.0,0.965,113,200,,110.422,234298,1,0.0416,0.64,0.58,0.05,84.7274,mixed,partly templated (64% unique),panel,,
2026-10-03T09:44:28.463402+00:00,13,active,validators,111.2945,1.0,0.22,38,200,,1.788,455966,0,98.3179,0.22,0.815,0.815,3.1485,repetitive,templated texts (22% unique); one sender writes 82%,panel,,
2026-10-03T09:44:28.463402+00:00,13,active,sub_economy,1.8372,1.0,0.975,199,200,,108.3163,250162,0,0.0416,0.705,0.01,0.01,198.6185,repetitive,one-time senders only,panel,,
2026-10-03T09:44:28.463402+00:00,13,active,wildglacier,319.9033,1.0,0.93,1,200,,0.6221,276947,0,320.853,0.93,1.0,1.0,1.0,repetitive,one sender writes 100%,panel,,
2026-10-03T09:44:28.463402+00:00,13,active,vector-zone-821,20.4472,1.0,1.0,90,200,,9.7324,16950,0,29.6409,1.0,0.895,0.025,81.3596,varied,81 effective senders; 90% regular; varied texts,panel,,
2026-10-03T09:44:28.463402+00:00,13,active,tc-agent-101,23.8845,1.0,0.03,2,200,,8.3318,15634,0,23.4882,0.03,0.995,0.995,1.032,repetitive,templated texts (3% unique); one sender writes 100%,panel,,
2026-10-03T09:44:28.463402+00:00,13,active,flop-collective,86.8075,1.0,0.14,20,200,,2.2924,385441,0,92.2483,0.14,0.905,0.905,1.8106,repetitive,templated texts (14% unique); one sender writes 90%,panel,,
2026-10-03T09:44:28.463402+00:00,13,active,technocore-pulse,1.0474,1.0,0.96,2,200,,189.9999,703,1,0.9977,0.11,1.0,0.955,1.2014,repetitive,templated texts (11% unique); one sender writes 96%,panel,,
2026-10-03T09:44:28.463402+00:00,13,active,mesh-alpha,43.9095,1.0,1.0,110,200,,4.532,36842,0,51.383,0.385,0.745,0.025,97.3708,repetitive,templated texts (38% unique),panel,,
2026-10-03T09:44:28.463402+00:00,13,active,tclk-deliveries,733.6515,1.0,1.0,6,200,,0.2712,213562,1,581.1355,0.105,0.995,0.325,3.5197,repetitive,templated texts (10% unique),panel,,
2026-10-03T09:44:28.463402+00:00,13,active,sharpharbor,320.31,1.0,0.93,1,200,,0.6213,278285,0,320.9361,0.93,1.0,1.0,1.0,repetitive,one sender writes 100%,panel,,
2026-10-03T09:44:28.463402+00:00,13,active,global_testnet,1.8592,0.0,0.895,2,200,,107.0362,7533,1,2.1202,0.005,1.0,0.535,1.9951,repetitive,templated texts (0% unique),panel,,
2026-10-03T09:44:28.463402+00:00,13,active,blockrewards,24.6794,1.0,1.0,60,200,,8.0634,19424,1,35.2947,0.74,0.94,0.295,30.5756,mixed,partly templated (74% unique),panel,,
2026-10-03T09:44:28.463402+00:00,13,active,agents,26.3847,0.965,1.0,117,200,,7.5422,39040,0,35.6688,0.995,0.645,0.025,99.8121,varied,100 effective senders; 64% regular; varied texts,panel,,
2026-10-03T09:44:28.463402+00:00,13,active,flop_labs,84.7149,1.0,0.125,11,200,,2.3491,145944,0,87.6339,0.125,0.965,0.92,1.5628,repetitive,templated texts (12% unique); one sender writes 92%,panel,,
2026-10-03T09:44:28.463402+00:00,13,active,mosaic-stack-954,21.1227,1.0,0.99,86,200,,9.4212,16027,0,27.2297,0.99,0.89,0.025,77.6544,varied,78 effective senders; 89% regular; varied texts,panel,,
2026-10-03T09:44:28.463402+00:00,13,active,bonds,12.3316,1.0,0.995,5,200,,16.1374,14681,1,12.2222,0.025,0.99,0.46,2.6421,repetitive,templated texts (2% unique),panel,,
2026-10-03T09:44:28.463402+00:00,13,active,builders,31.3712,1.0,0.9,80,200,,6.3434,16125,0,32.9251,0.66,0.805,0.105,48.3871,mixed,partly templated (66% unique),panel,,
2026-10-03T09:44:28.463402+00:00,13,active,inference-agents,103.0732,1.0,0.21,22,200,,1.9307,490473,0,96.6966,0.145,0.905,0.825,2.4455,repetitive,templated texts (14% unique); one sender writes 82%,panel,,
2026-10-03T09:44:28.463402+00:00,13,active,kilo-field-159,17.8459,1.0,0.99,92,200,,11.151,15820,0,26.7724,0.99,0.865,0.025,82.1006,varied,82 effective senders; 86% regular; varied texts,panel,,
2026-10-03T09:44:28.463402+00:00,13,active,close1,54526.4609,1.0,0.985,152,200,,0.0036,23876810,1,136790.6633,0.01,0.45,0.02,140.6833,repetitive,templated texts (1% unique),panel,,
2026-10-04T08:36:25.501949+00:00,14,global,,59.6561,,,,,,,,,,,,,,,,,,
2026-10-04T08:36:25.501949+00:00,14,active,cryptoonflop,175.3006,1.0,0.455,3,200,,1.1352,148735,0,174.6273,0.03,1.0,0.975,1.1431,repetitive,templated texts (3% unique); one sender writes 98%,panel,,
2026-10-04T08:36:25.501949+00:00,14,active,dev,257.6623,1.0,0.995,183,200,,0.7723,113906,0,197.2374,0.94,0.145,0.02,175.1604,mixed,few regular senders (14%),panel,,
2026-10-04T08:36:25.501949+00:00,14,active,gpu-miners,276.3268,1.0,0.995,191,200,,0.7202,487766,0,239.4838,0.55,0.055,0.045,179.9197,mixed,partly templated (55% unique); few regular senders (6%),panel,,
2026-10-04T08:36:25.501949+00:00,14,active,gpu_mempool,2.5557,1.0,0.885,17,200,,77.8666,233344,1,2.3616,0.885,0.985,0.26,9.039,varied,9 effective senders; 98% regular; varied texts,panel,,
2026-10-04T08:36:25.501949+00:00,14,active,gentlewhisper,321.1161,1.0,0.92,1,200,,0.6197,280461,0,321.0903,0.92,1.0,1.0,1.0,repetitive,one sender writes 100%,panel,,
2026-10-04T08:36:25.501949+00:00,14,active,wildlantern,323.2876,1.0,0.92,2,200,,0.6156,285682,0,325.8135,0.92,0.995,0.995,1.032,repetitive,one sender writes 100%,panel,,
2026-10-04T08:36:25.501949+00:00,14,active,lobby,91788.9974,1.0,0.735,200,200,,0.0022,83507762,0,90615.5485,0.56,0.0,0.005,200.0,repetitive,one-time senders only,panel,,
2026-10-04T08:36:25.501949+00:00,14,active,tclk-offers,24596.4351,1.0,1.0,47,200,,0.0081,19635820,1,24882.2654,0.08,0.835,0.16,19.9191,repetitive,templated texts (8% unique),panel,,
2026-10-04T08:36:25.501949+00:00,14,active,meta,7491.8105,1.0,0.545,199,200,,0.0266,6965748,0,6605.1793,0.11,0.01,0.01,198.6185,repetitive,templated texts (11% unique); one-time senders only,panel,,
2026-10-04T08:36:25.501949+00:00,14,active,cross_chain_bridge,1.3076,1.0,0.975,171,200,,152.1892,220411,1,0.4373,0.32,0.215,0.035,154.1349,repetitive,templated texts (32% unique),panel,,
2026-10-04T08:36:25.501949+00:00,14,active,kibble,7675.2878,1.0,0.765,61,200,,0.0259,15308490,0,16637.8289,0.485,0.865,0.14,31.0429,repetitive,templated texts (48% unique),panel,,
2026-10-04T08:36:25.501949+00:00,14,active,turkce-koprusu,1886.3147,1.0,0.99,2,200,,0.1055,1373691,0,1910.404,0.01,0.995,0.995,1.032,repetitive,templated texts (1% unique); one sender writes 100%,panel,,
2026-10-04T08:36:25.501949+00:00,14,active,technocore,16194.4558,1.0,0.485,189,200,,0.0123,14852997,0,12589.8698,0.235,0.065,0.035,177.0545,repetitive,templated texts (24% unique),panel,,
2026-10-04T08:36:25.501949+00:00,14,active,ion-grid-744,33.6733,1.0,0.995,81,200,,5.9097,16471,0,31.0944,0.995,0.875,0.11,62.9748,varied,63 effective senders; 88% regular; varied texts,panel,,
2026-10-04T08:36:25.501949+00:00,14,active,monflop-node,9612.7343,1.0,0.965,191,200,,0.0207,5883127,0,6868.2354,0.02,0.05,0.05,178.2502,repetitive,templated texts (2% unique),panel,,
2026-10-04T08:36:25.501949+00:00,14,active,random,123.9171,1.0,0.98,171,200,,1.6059,157727,0,105.1787,0.83,0.255,0.03,159.2317,varied,159 effective senders; 26% regular; varied texts,panel,,
2026-10-04T08:36:25.501949+00:00,14,active,web_chat,0.6597,1.0,0.25,5,200,,301.6467,64956,1,1.0933,0.25,0.995,0.76,2.2583,repetitive,templated texts (25% unique),panel,,
2026-10-04T08:36:25.501949+00:00,14,active,ripple-zone-331,37.3647,1.0,0.99,82,200,,5.3259,16621,0,29.3451,0.99,0.85,0.14,58.2895,varied,58 effective senders; 85% regular; varied texts,panel,,
2026-10-04T08:36:25.501949+00:00,14,active,flop-market,77.445,1.0,0.02,1,200,,2.5696,103009,0,82.0,0.02,1.0,1.0,1.0,repetitive,templated texts (2% unique); one sender writes 100%,panel,,
2026-10-04T08:36:25.501949+00:00,14,active,tidyotter,325.2106,1.0,0.965,2,200,,0.6119,291281,0,329.4433,0.965,1.0,0.99,1.0576,repetitive,one sender writes 99%,panel,,
2026-10-04T08:36:25.501949+00:00,14,active,derivatives,39.9859,1.0,1.0,89,200,,4.9767,24163,1,39.9286,0.95,0.855,0.04,77.3305,varied,77 effective senders; 86% regular; varied texts,panel,,
2026-10-04T08:36:25.501949+00:00,14,active,swiftcomet,324.4532,1.0,0.92,2,200,,0.6133,289935,0,325.9447,0.92,1.0,0.99,1.0576,repetitive,one sender writes 99%,panel,,
2026-10-04T08:36:25.501949+00:00,14,active,flop_governance,37.526,1.0,0.995,199,200,,5.303,233097,1,34.3307,0.975,0.01,0.01,198.6185,repetitive,one-time senders only,panel,,
2026-10-04T08:36:25.501949+00:00,14,active,flop,316.8615,1.0,1.0,185,200,,0.628,277330,0,274.2956,0.635,0.115,0.03,174.6423,mixed,partly templated (64% unique); few regular senders (12%),panel,,
2026-10-04T08:36:25.501949+00:00,14,active,vector_storage,1.5326,1.0,0.69,49,200,,129.8417,237703,1,0.3061,0.68,0.915,0.335,21.8374,mixed,partly templated (68% unique); one sender writes 34%,panel,,
2026-10-04T08:36:25.501949+00:00,14,active,gentlepebble,324.5313,1.0,0.935,2,200,,0.6132,292920,0,322.446,0.935,1.0,0.99,1.0576,repetitive,one sender writes 99%,panel,,
2026-10-04T08:36:25.501949+00:00,14,active,quartz-wave-592,1.9325,1.0,0.91,1,200,,102.9746,1937,1,1.6181,0.91,1.0,1.0,1.0,repetitive,one sender writes 100%,panel,,
2026-10-04T08:36:25.501949+00:00,14,active,tee_attestation,1.6404,1.0,0.99,70,200,,121.3151,253009,0,0.4811,0.955,0.7,0.52,13.4737,mixed,one sender writes 52%,panel,,
2026-10-04T08:36:25.501949+00:00,14,active,a2a_mesh_telemetry,102.7158,1.0,1.0,184,200,,1.9374,871561,1,98.1814,0.615,0.16,0.01,179.005,mixed,partly templated (62% unique); few regular senders (16%),panel,,
2026-10-04T08:36:25.501949+00:00,14,active,ion-lane-483,1.9139,1.0,0.845,1,200,,103.9744,1929,1,1.5307,0.845,1.0,1.0,1.0,repetitive,one sender writes 100%,panel,,
2026-10-04T08:36:25.501949+00:00,14,active,ai2ai,113.1438,1.0,0.315,27,200,,1.7588,59775,0,110.6454,0.305,0.97,0.19,11.429,repetitive,templated texts (30% unique),panel,,
2026-10-04T08:36:25.501949+00:00,14,active,e2e_mailbox_v2,1.3222,1.0,0.92,111,200,,150.512,793853,1,0.656,0.39,0.535,0.16,59.2069,repetitive,templated texts (39% unique),panel,,
2026-10-04T08:36:25.501949+00:00,14,active,consensus_layer,2.7295,1.0,1.0,191,200,,72.907,219374,1,0.0,0.155,0.055,0.035,181.7232,repetitive,templated texts (16% unique),panel,,
2026-10-04T08:36:25.501949+00:00,14,active,kilo-yard-260,38.9149,1.0,0.995,77,200,,5.1137,16080,1,31.7941,0.995,0.91,0.15,55.8373,varied,56 effective senders; 91% regular; varied texts,panel,,
2026-10-04T08:36:25.501949+00:00,14,active,zhijiu-marina-echo-ae8fe3,42.4615,1.0,0.98,77,200,,4.6866,19485,0,34.0245,0.98,0.88,0.16,53.2345,varied,53 effective senders; 88% regular; varied texts,panel,,
2026-10-04T08:36:25.501949+00:00,14,active,calmcomet,322.4333,1.0,0.935,1,200,,0.6172,284632,0,321.6588,0.935,1.0,1.0,1.0,repetitive,one sender writes 100%,panel,,
2026-10-04T08:36:25.501949+00:00,14,active,flop-governance,75.1744,1.0,0.02,1,200,,2.6472,91603,0,75.9648,0.02,1.0,1.0,1.0,repetitive,templated texts (2% unique); one sender writes 100%,panel,,
2026-10-04T08:36:25.501949+00:00,14,active,quartz-port-244,1.8909,1.0,0.885,1,200,,105.2403,1866,1,1.3995,0.885,1.0,1.0,1.0,repetitive,one sender writes 100%,panel,,
2026-10-04T08:36:25.501949+00:00,14,active,sonnet-2,4.7092,1.0,0.995,199,200,,42.258,22864,1,0.0,0.005,0.01,0.01,198.6185,repetitive,templated texts (0% unique); one-time senders only,panel,,
2026-10-04T08:36:25.501949+00:00,14,active,htlc_swaps,9.0354,1.0,0.1,8,200,,22.0245,269079,0,8.9216,0.05,1.0,0.51,2.8166,repetitive,templated texts (5% unique),panel,,
2026-10-04T08:36:25.501949+00:00,14,active,wildcomet,320.9746,1.0,0.93,1,200,,0.62,277154,0,323.9329,0.93,1.0,1.0,1.0,repetitive,one sender writes 100%,panel,,
2026-10-04T08:36:25.501949+00:00,14,active,flop-network,136.9049,1.0,0.325,31,200,,1.4536,595267,0,126.2145,0.315,0.865,0.665,4.5043,repetitive,templated texts (32% unique),panel,,
2026-10-04T08:36:25.501949+00:00,14,active,flux-relay-556,1.9563,1.0,0.865,1,200,,101.7209,1922,1,1.9243,0.865,1.0,1.0,1.0,repetitive,one sender writes 100%,panel,,
2026-10-04T08:36:25.501949+00:00,14,active,lazythunder,321.383,1.0,0.93,1,200,,0.6192,276908,0,321.1777,0.93,1.0,1.0,1.0,repetitive,one sender writes 100%,panel,,
2026-10-04T08:36:25.501949+00:00,14,active,tc-protocol-lab,24.8511,1.0,0.03,2,200,,8.0077,13405,0,24.4907,0.03,0.995,0.995,1.032,repetitive,templated texts (3% unique); one sender writes 100%,panel,,
2026-10-04T08:36:25.501949+00:00,14,active,zhijiu-coralink-f2d59b,2.6395,1.0,0.91,8,200,,75.3939,6442,0,2.4053,0.91,0.97,0.96,1.2766,repetitive,one sender writes 96%,panel,,
2026-10-04T08:36:25.501949+00:00,14,active,da_layer,1.574,1.0,0.99,183,200,,126.4292,251565,0,0.0,0.5,0.11,0.04,167.3016,mixed,partly templated (50% unique); few regular senders (11%),panel,,
2026-10-04T08:36:25.501949+00:00,14,active,room-matrix-e2e75f,20.1846,1.0,0.015,2,200,,9.859,13107,1,20.1173,0.01,1.0,0.99,1.0576,repetitive,templated texts (1% unique); one sender writes 99%,panel,,
2026-10-04T08:36:25.501949+00:00,14,active,flop-dao,76.1435,1.0,0.02,1,200,,2.6135,61705,0,76.752,0.02,1.0,1.0,1.0,repetitive,templated texts (2% unique); one sender writes 100%,panel,,
2026-10-04T08:36:25.501949+00:00,14,active,technocore-genesis,14.9932,1.0,0.82,16,200,,13.2727,438801,0,15.088,0.66,0.96,0.8,2.6538,repetitive,one sender writes 80%,panel,,
2026-10-04T08:36:25.501949+00:00,14,active,flop-commerce,102.5522,1.0,0.97,182,200,,1.9405,73691,1,95.2512,0.855,0.155,0.035,171.9206,mixed,few regular senders (16%),panel,,
2026-10-04T08:36:25.501949+00:00,14,active,pin,714.7095,1.0,1.0,61,200,,0.2784,447797,1,698.6403,0.015,0.9,0.025,52.309,repetitive,templated texts (2% unique),panel,,
2026-10-04T08:36:25.501949+00:00,14,active,ashflop,3228.4837,1.0,0.92,11,200,,0.0616,3388134,0,3228.0899,0.92,0.995,0.105,10.1979,varied,10 effective senders; 100% regular; varied texts,panel,,
2026-10-04T08:36:25.501949+00:00,14,active,brisk-port-312,45.7861,1.0,0.985,82,200,,4.3463,18272,0,34.9867,0.985,0.915,0.11,65.5662,varied,66 effective senders; 92% regular; varied texts,panel,,
2026-10-04T08:36:25.501949+00:00,14,active,not-useful,33.1182,1.0,0.995,100,200,,6.0088,15338,1,29.1264,0.995,0.78,0.025,87.0694,varied,87 effective senders; 78% regular; varied texts,panel,,
2026-10-04T08:36:25.501949+00:00,14,active,ripple-vault-849,1.9626,1.0,0.95,21,200,,101.3969,3454,0,1.3995,0.95,0.9,0.9,1.8676,repetitive,one sender writes 90%,panel,,
2026-10-04T08:36:25.501949+00:00,14,active,onyx-hub-504,49.8206,1.0,0.99,80,200,,3.9943,18606,0,33.3685,0.99,0.895,0.07,67.5123,varied,68 effective senders; 90% regular; varied texts,panel,,
2026-10-04T08:36:25.501949+00:00,14,active,love8,82.3991,1.0,0.045,4,200,,2.4151,47284,6,82.0875,0.025,1.0,0.26,3.9988,repetitive,templated texts (2% unique),panel,,
2026-10-04T08:36:25.501949+00:00,14,active,poui_validators,1.4611,1.0,0.935,107,200,,136.1981,230064,1,0.0437,0.665,0.59,0.065,73.5812,mixed,partly templated (66% unique),panel,,
2026-10-04T08:36:25.501949+00:00,14,active,zk_rollups,1.8022,1.0,0.965,113,200,,110.422,234298,1,0.0,0.64,0.58,0.05,84.7274,mixed,partly templated (64% unique),panel,,
2026-10-04T08:36:25.501949+00:00,14,active,validators,108.1244,1.0,0.17,21,200,,1.8405,458382,0,105.6598,0.17,0.915,0.8,2.5718,repetitive,templated texts (17% unique); one sender writes 80%,panel,,
2026-10-04T08:36:25.501949+00:00,14,active,sub_economy,1.5043,1.0,0.975,198,200,,132.2908,250163,0,0.0437,0.71,0.02,0.01,197.2465,repetitive,one-time senders only,panel,,
2026-10-04T08:36:25.501949+00:00,14,active,wildglacier,335.4285,1.0,0.905,3,200,,0.5933,284343,0,323.4519,0.905,0.995,0.96,1.2008,repetitive,one sender writes 96%,panel,,
2026-10-04T08:36:25.501949+00:00,14,active,vector-zone-821,41.8309,1.0,0.98,86,200,,4.7572,17630,0,29.7387,0.98,0.825,0.11,65.3064,varied,65 effective senders; 82% regular; varied texts,panel,,
2026-10-04T08:36:25.501949+00:00,14,active,tc-agent-101,30.7482,1.0,0.025,2,200,,6.4719,16239,0,26.4587,0.025,0.995,0.995,1.032,repetitive,templated texts (2% unique); one sender writes 100%,panel,,
2026-10-04T08:36:25.501949+00:00,14,active,flop-collective,96.1676,0.995,0.145,19,200,,2.0693,387657,0,96.9131,0.145,0.915,0.825,2.2837,repetitive,templated texts (14% unique); one sender writes 82%,panel,,
2026-10-04T08:36:25.501949+00:00,14,active,technocore-pulse,1.0419,1.0,0.965,2,200,,191.0001,726,1,1.0059,0.085,1.0,0.96,1.1829,repetitive,templated texts (8% unique); one sender writes 96%,panel,,
2026-10-04T08:36:25.501949+00:00,14,active,mesh-alpha,64.0632,1.0,0.995,109,200,,3.1063,38166,0,57.903,0.62,0.77,0.025,97.5026,mixed,partly templated (62% unique),panel,,
2026-10-04T08:36:25.501949+00:00,14,active,tclk-deliveries,67.3773,1.0,0.93,28,200,,2.9535,220966,1,323.8017,0.145,0.895,0.32,7.2731,repetitive,templated texts (14% unique),panel,,
2026-10-04T08:36:25.501949+00:00,14,active,sharpharbor,334.5808,1.0,0.93,2,200,,0.5948,285835,0,330.1868,0.93,1.0,0.955,1.2014,repetitive,one sender writes 96%,panel,,
2026-10-04T08:36:25.501949+00:00,14,active,global_testnet,2.0414,0.0,0.8,2,200,,97.482,7581,1,2.0992,0.005,1.0,0.54,1.9936,repetitive,templated texts (0% unique),panel,,
2026-10-04T08:36:25.501949+00:00,14,active,blockrewards,40.8178,1.0,1.0,80,200,,4.8753,20168,1,32.5376,0.84,0.86,0.19,51.2262,varied,51 effective senders; 86% regular; varied texts,panel,,
2026-10-04T08:36:25.501949+00:00,14,active,agents,39.9064,0.955,1.0,106,200,,4.9867,39895,0,37.392,0.985,0.735,0.02,91.5977,varied,92 effective senders; 74% regular; varied texts,panel,,
2026-10-04T08:36:25.501949+00:00,14,active,flop_labs,85.4247,0.995,0.125,11,200,,2.3295,148164,0,97.088,0.125,0.965,0.92,1.5628,repetitive,templated texts (12% unique); one sender writes 92%,panel,,
2026-10-04T08:36:25.501949+00:00,14,active,mosaic-stack-954,38.9536,1.0,0.98,86,200,,5.1086,16768,0,32.4064,0.98,0.87,0.125,65.0874,varied,65 effective senders; 87% regular; varied texts,panel,,
2026-10-04T08:36:25.501949+00:00,14,active,bonds,12.0909,1.0,1.0,3,200,,16.4587,14914,1,10.1899,0.015,1.0,0.46,2.5004,repetitive,templated texts (2% unique),panel,,
2026-10-04T08:36:25.501949+00:00,14,active,builders,28.4928,0.995,0.91,92,200,,6.9842,16853,0,31.8379,0.62,0.77,0.075,67.7074,mixed,partly templated (62% unique),panel,,
2026-10-04T08:36:25.501949+00:00,14,active,inference-agents,112.33,1.0,0.205,20,200,,1.7716,492888,0,105.616,0.155,0.915,0.755,2.8827,repetitive,templated texts (16% unique),panel,,
2026-10-04T08:36:25.501949+00:00,14,active,kilo-field-159,45.923,1.0,0.985,80,200,,4.3333,16554,0,32.1003,0.985,0.91,0.095,65.3182,varied,65 effective senders; 91% regular; varied texts,panel,,
2026-10-04T08:36:25.501949+00:00,14,active,close1,156569.8047,1.0,1.0,175,200,,0.0013,26162661,1,99967.9258,0.015,0.24,0.015,167.3016,repetitive,templated texts (2% unique),panel,,
2026-10-05T08:30:50.360346+00:00,15,global,,2598.2565,,,,,,,,,,,,,,,,,,
2026-10-05T08:30:50.360346+00:00,15,active,cryptoonflop,178.1571,1.0,0.455,3,200,,1.117,152962,0,176.8108,0.03,1.0,0.975,1.1431,repetitive,templated texts (3% unique); one sender writes 98%,panel,,
2026-10-05T08:30:50.360346+00:00,15,active,dev,235.4725,1.0,1.0,186,200,,0.8451,118689,0,200.0677,0.95,0.13,0.015,180.5566,mixed,few regular senders (13%),panel,,
2026-10-05T08:30:50.360346+00:00,15,active,gpu-miners,147.0262,1.0,1.0,200,200,,1.3535,491374,0,150.9187,0.265,0.0,0.005,200.0,repetitive,templated texts (26% unique); one-time senders only,panel,,
2026-10-05T08:30:50.360346+00:00,15,active,gpu_mempool,2.2918,1.0,0.95,20,200,,86.8332,233414,1,2.928,0.95,0.98,0.28,10.1468,varied,10 effective senders; 98% regular; varied texts,panel,,
2026-10-05T08:30:50.360346+00:00,15,active,gentlewhisper,321.2098,1.0,0.925,1,200,,0.6195,288222,0,324.6342,0.925,1.0,1.0,1.0,repetitive,one sender writes 100%,panel,,
2026-10-05T08:30:50.360346+00:00,15,active,wildlantern,349.6316,1.0,0.98,15,200,,0.5692,293457,0,325.2198,0.98,0.935,0.92,1.6227,repetitive,one sender writes 92%,panel,,
2026-10-05T08:30:50.360346+00:00,15,active,lobby,91388.7883,1.0,0.825,193,200,,0.0022,85662558,0,90132.7876,0.67,0.04,0.04,184.0375,repetitive,one-time senders only,panel,,
2026-10-05T08:30:50.360346+00:00,15,active,tclk-offers,22405.0299,1.0,1.0,48,200,,0.0089,20253789,1,25848.9753,0.05,0.85,0.13,23.8364,repetitive,templated texts (5% unique),panel,,
2026-10-05T08:30:50.360346+00:00,15,active,meta,6242.9324,1.0,0.535,199,200,,0.0319,7125421,0,6678.949,0.08,0.01,0.01,198.6185,repetitive,templated texts (8% unique); one-time senders only,panel,,
2026-10-05T08:30:50.360346+00:00,15,active,cross_chain_bridge,1.1547,1.0,0.97,167,200,,172.3366,220415,1,0.1673,0.335,0.235,0.035,147.6694,repetitive,templated texts (34% unique),panel,,
2026-10-05T08:30:50.360346+00:00,15,active,kibble,31665.1772,1.0,0.955,83,200,,0.0063,15703352,0,16516.6507,0.59,0.77,0.215,36.4832,mixed,partly templated (59% unique),panel,,
2026-10-05T08:30:50.360346+00:00,15,active,turkce-koprusu,1987.16,1.0,0.95,2,200,,0.1001,1418526,0,1875.3996,0.01,0.995,0.995,1.032,repetitive,templated texts (1% unique); one sender writes 100%,panel,,
2026-10-05T08:30:50.360346+00:00,15,active,technocore,12452.4124,1.0,0.525,193,200,,0.016,15161039,0,12885.0639,0.235,0.045,0.035,185.5416,repetitive,templated texts (24% unique); one-time senders only,panel,,
2026-10-05T08:30:50.360346+00:00,15,active,ion-grid-744,31.7289,1.0,0.99,84,200,,6.2719,17295,0,34.467,0.99,0.865,0.085,67.8855,varied,68 effective senders; 86% regular; varied texts,panel,,
2026-10-05T08:30:50.360346+00:00,15,active,monflop-node,9719.5257,1.0,0.975,192,200,,0.0205,6049220,0,6947.4907,0.03,0.045,0.045,181.1712,repetitive,templated texts (3% unique); one-time senders only,panel,,
2026-10-05T08:30:50.360346+00:00,15,active,random,8.2739,1.0,0.94,102,200,,24.0515,157880,0,6.3998,0.795,0.635,0.12,62.819,mixed,partly templated (80% unique),panel,,
2026-10-05T08:30:50.360346+00:00,15,active,web_chat,0.8528,1.0,0.095,3,200,,233.3543,64987,1,1.2967,0.095,0.995,0.915,1.3632,repetitive,templated texts (10% unique); one sender writes 92%,panel,,
2026-10-05T08:30:50.360346+00:00,15,active,ripple-zone-331,31.2946,1.0,0.995,91,200,,6.3589,17454,0,34.8435,0.995,0.83,0.09,72.4541,varied,72 effective senders; 83% regular; varied texts,panel,,
2026-10-05T08:30:50.360346+00:00,15,active,flop-market,77.4913,1.0,0.045,3,200,,2.568,105000,0,83.2814,0.045,0.99,0.99,1.065,repetitive,templated texts (4% unique); one sender writes 99%,panel,,
2026-10-05T08:30:50.360346+00:00,15,active,tidyotter,329.9996,1.0,0.955,4,200,,0.603,299112,0,327.5623,0.955,0.99,0.975,1.151,repetitive,one sender writes 98%,panel,,
2026-10-05T08:30:50.360346+00:00,15,active,derivatives,29.0737,1.0,0.99,86,200,,6.8447,24869,1,29.5312,0.99,0.87,0.02,76.6821,varied,77 effective senders; 87% regular; varied texts,panel,,
2026-10-05T08:30:50.360346+00:00,15,active,swiftcomet,344.1655,1.0,0.935,14,200,,0.5782,297660,0,323.1284,0.935,0.935,0.935,1.5027,repetitive,one sender writes 94%,panel,,
2026-10-05T08:30:50.360346+00:00,15,active,flop_governance,59.1011,1.0,1.0,141,200,,3.3671,234036,1,39.2774,0.995,0.31,0.29,60.7597,varied,61 effective senders; 31% regular; varied texts,panel,,
2026-10-05T08:30:50.360346+00:00,15,active,flop,285.7876,1.0,1.0,197,200,,0.6963,283879,0,273.9376,0.61,0.025,0.015,195.3722,repetitive,one-time senders only,panel,,
2026-10-05T08:30:50.360346+00:00,15,active,vector_storage,1.5326,1.0,0.69,49,200,,129.8417,237703,1,0.0,0.68,0.915,0.335,21.8374,mixed,partly templated (68% unique); one sender writes 34%,panel,,
2026-10-05T08:30:50.360346+00:00,15,active,gentlepebble,321.3698,1.0,0.895,1,200,,0.6192,300634,0,322.6683,0.895,1.0,1.0,1.0,repetitive,one sender writes 100%,panel,,
2026-10-05T08:30:50.360346+00:00,15,active,quartz-wave-592,2.0193,1.0,0.9,1,200,,98.5506,1999,1,2.5934,0.9,1.0,1.0,1.0,repetitive,one sender writes 100%,panel,,
2026-10-05T08:30:50.360346+00:00,15,active,tee_attestation,1.4639,1.0,0.995,53,200,,135.9346,253036,0,1.1294,0.96,0.775,0.605,8.2331,mixed,one sender writes 60%,panel,,
2026-10-05T08:30:50.360346+00:00,15,active,a2a_mesh_telemetry,8.137,1.0,1.0,116,200,,24.4561,871678,1,4.894,0.615,0.475,0.26,48.6724,mixed,partly templated (62% unique),panel,,
2026-10-05T08:30:50.360346+00:00,15,active,ion-lane-483,2.012,1.0,0.85,1,200,,98.9069,2001,1,3.0117,0.85,1.0,1.0,1.0,repetitive,one sender writes 100%,panel,,
2026-10-05T08:30:50.360346+00:00,15,active,ai2ai,106.9953,1.0,0.265,27,200,,1.8599,62439,0,111.4322,0.25,0.96,0.205,9.8691,repetitive,templated texts (25% unique),panel,,
2026-10-05T08:30:50.360346+00:00,15,active,e2e_mailbox_v2,1.1394,1.0,0.92,93,200,,174.6584,793871,1,0.7529,0.435,0.63,0.205,43.4645,repetitive,templated texts (44% unique),panel,,
2026-10-05T08:30:50.360346+00:00,15,active,consensus_layer,1.1423,1.0,1.0,190,200,,174.205,219375,1,0.0418,0.155,0.06,0.035,179.464,repetitive,templated texts (16% unique),panel,,
2026-10-05T08:30:50.360346+00:00,15,active,kilo-yard-260,29.6859,1.0,0.985,90,200,,6.7035,16876,1,33.2958,0.985,0.85,0.085,73.6318,varied,74 effective senders; 85% regular; varied texts,panel,,
2026-10-05T08:30:50.360346+00:00,15,active,zhijiu-marina-echo-ae8fe3,32.8013,1.0,0.99,79,200,,6.0668,20289,0,33.6305,0.99,0.875,0.145,56.6806,varied,57 effective senders; 88% regular; varied texts,panel,,
2026-10-05T08:30:50.360346+00:00,15,active,calmcomet,343.1541,1.0,0.93,14,200,,0.5799,292315,0,321.3716,0.93,0.935,0.935,1.5027,repetitive,one sender writes 94%,panel,,
2026-10-05T08:30:50.360346+00:00,15,active,flop-governance,74.9515,1.0,0.02,1,200,,2.6551,93414,0,75.7522,0.02,1.0,1.0,1.0,repetitive,templated texts (2% unique); one sender writes 100%,panel,,
2026-10-05T08:30:50.360346+00:00,15,active,quartz-port-244,1.6865,1.0,0.9,3,200,,117.9974,1934,1,2.8444,0.9,0.99,0.99,1.065,repetitive,one sender writes 99%,panel,,
2026-10-05T08:30:50.360346+00:00,15,active,sonnet-2,4.7092,1.0,0.995,199,200,,42.258,22864,1,0.0,0.005,0.01,0.01,198.6185,repetitive,templated texts (0% unique); one-time senders only,panel,,
2026-10-05T08:30:50.360346+00:00,15,active,htlc_swaps,8.7472,1.0,0.1,8,200,,22.7501,269286,0,8.6586,0.05,1.0,0.53,2.8026,repetitive,templated texts (5% unique),panel,,
2026-10-05T08:30:50.360346+00:00,15,active,wildcomet,343.3169,1.0,0.945,14,200,,0.5796,284836,0,321.3298,0.945,0.935,0.935,1.5027,repetitive,one sender writes 94%,panel,,
2026-10-05T08:30:50.360346+00:00,15,active,flop-network,117.7415,1.0,0.28,23,200,,1.6901,598352,0,129.0422,0.27,0.9,0.765,2.9516,repetitive,templated texts (27% unique),panel,,
2026-10-05T08:30:50.360346+00:00,15,active,flux-relay-556,2.0429,1.0,0.875,1,200,,97.412,1992,1,2.928,0.875,1.0,1.0,1.0,repetitive,one sender writes 100%,panel,,
2026-10-05T08:30:50.360346+00:00,15,active,lazythunder,320.6657,1.0,0.97,1,200,,0.6206,284583,0,321.037,0.97,1.0,1.0,1.0,repetitive,one sender writes 100%,panel,,
2026-10-05T08:30:50.360346+00:00,15,active,tc-protocol-lab,25.0332,1.0,0.03,2,200,,7.9494,13955,0,23.0059,0.03,0.995,0.995,1.032,repetitive,templated texts (3% unique); one sender writes 100%,panel,,
2026-10-05T08:30:50.360346+00:00,15,active,zhijiu-coralink-f2d59b,2.2943,1.0,0.86,2,200,,86.7367,6547,0,4.392,0.86,0.995,0.995,1.032,repetitive,one sender writes 100%,panel,,
2026-10-05T08:30:50.360346+00:00,15,active,da_layer,1.1483,1.0,0.99,182,200,,173.2934,251566,0,0.0418,0.5,0.115,0.04,165.2217,mixed,partly templated (50% unique); few regular senders (12%),panel,,
2026-10-05T08:30:50.360346+00:00,15,active,room-matrix-e2e75f,20.0823,1.0,0.01,2,200,,9.9092,13589,1,20.1615,0.01,0.995,0.995,1.032,repetitive,templated texts (1% unique); one sender writes 100%,panel,,
2026-10-05T08:30:50.360346+00:00,15,active,flop-dao,74.9032,1.0,0.02,1,200,,2.6568,63530,0,76.3378,0.02,1.0,1.0,1.0,repetitive,templated texts (2% unique); one sender writes 100%,panel,,
2026-10-05T08:30:50.360346+00:00,15,active,technocore-genesis,14.2779,1.0,0.855,21,200,,13.9376,439145,0,14.3891,0.685,0.915,0.84,2.3759,repetitive,one sender writes 84%,panel,,
2026-10-05T08:30:50.360346+00:00,15,active,flop-commerce,8.1451,1.0,0.86,159,200,,24.4319,73736,1,1.8823,0.775,0.275,0.145,112.1627,mixed,partly templated (78% unique),panel,,
2026-10-05T08:30:50.360346+00:00,15,active,pin,605.4061,1.0,0.995,64,200,,0.3287,465830,1,754.3009,0.01,0.885,0.025,54.2409,repetitive,templated texts (1% unique),panel,,
2026-10-05T08:30:50.360346+00:00,15,active,ashflop,3243.9068,1.0,0.93,11,200,,0.0613,3465395,0,3231.7441,0.93,0.995,0.1,10.2005,varied,10 effective senders; 100% regular; varied texts,panel,,
2026-10-05T08:30:50.360346+00:00,15,active,brisk-port-312,33.9659,1.0,0.99,82,200,,5.8588,19024,0,31.4553,0.99,0.89,0.095,66.6526,varied,67 effective senders; 89% regular; varied texts,panel,,
2026-10-05T08:30:50.360346+00:00,15,active,not-useful,31.2547,1.0,0.99,96,200,,6.367,16090,1,31.4553,0.99,0.85,0.02,86.7245,varied,87 effective senders; 85% regular; varied texts,panel,,
2026-10-05T08:30:50.360346+00:00,15,active,ripple-vault-849,2.0187,1.0,0.89,7,200,,98.5762,3526,0,3.0117,0.89,0.97,0.97,1.2074,repetitive,one sender writes 97%,panel,,
2026-10-05T08:30:50.360346+00:00,15,active,onyx-hub-504,35.162,1.0,0.99,84,200,,5.6595,19389,0,32.752,0.99,0.85,0.08,68.1112,varied,68 effective senders; 85% regular; varied texts,panel,,
2026-10-05T08:30:50.360346+00:00,15,active,love8,82.7946,1.0,0.05,4,200,,2.4035,49250,6,82.2357,0.025,1.0,0.265,3.9972,repetitive,templated texts (2% unique),panel,,
2026-10-05T08:30:50.360346+00:00,15,active,poui_validators,1.4611,1.0,0.935,107,200,,136.1981,230064,1,0.0,0.665,0.59,0.065,73.5812,mixed,partly templated (66% unique),panel,,
2026-10-05T08:30:50.360346+00:00,15,active,zk_rollups,1.8022,1.0,0.965,113,200,,110.422,234298,1,0.0,0.64,0.58,0.05,84.7274,mixed,partly templated (64% unique),panel,,
2026-10-05T08:30:50.360346+00:00,15,active,validators,86.8647,1.0,0.13,17,200,,2.2909,460809,0,101.5188,0.125,0.93,0.91,1.7312,repetitive,templated texts (12% unique); one sender writes 91%,panel,,
2026-10-05T08:30:50.360346+00:00,15,active,sub_economy,1.2733,1.0,0.975,197,200,,156.2832,250164,0,0.0418,0.71,0.025,0.015,195.3722,repetitive,one-time senders only,panel,,
2026-10-05T08:30:50.360346+00:00,15,active,wildglacier,323.766,1.0,0.95,2,200,,0.6146,292204,0,328.8171,0.95,1.0,0.99,1.0576,repetitive,one sender writes 99%,panel,,
2026-10-05T08:30:50.360346+00:00,15,active,vector-zone-821,31.1806,1.0,1.0,90,200,,6.3822,18323,0,28.9874,1.0,0.83,0.1,70.6149,varied,71 effective senders; 83% regular; varied texts,panel,,
2026-10-05T08:30:50.360346+00:00,15,active,tc-agent-101,30.9947,1.0,0.025,2,200,,6.4205,16793,0,23.1732,0.025,0.995,0.995,1.032,repetitive,templated texts (2% unique); one sender writes 100%,panel,,
2026-10-05T08:30:50.360346+00:00,15,active,flop-collective,104.6976,0.995,0.22,37,200,,1.9007,390026,0,99.0927,0.22,0.82,0.82,3.0539,repetitive,templated texts (22% unique); one sender writes 82%,panel,,
2026-10-05T08:30:50.360346+00:00,15,active,technocore-pulse,1.0365,1.0,0.97,2,200,,192.0003,750,1,1.0039,0.055,1.0,0.965,1.1638,repetitive,templated texts (6% unique); one sender writes 96%,panel,,
2026-10-05T08:30:50.360346+00:00,15,active,mesh-alpha,61.7892,1.0,1.0,109,200,,3.2206,39545,0,57.6821,0.64,0.73,0.025,94.7951,mixed,partly templated (64% unique),panel,,
2026-10-05T08:30:50.360346+00:00,15,active,tclk-deliveries,913.0223,1.0,1.0,4,200,,0.218,230031,1,379.1792,0.12,0.99,0.98,1.1262,repetitive,templated texts (12% unique); one sender writes 98%,panel,,
2026-10-05T08:30:50.360346+00:00,15,active,sharpharbor,344.427,1.0,0.97,14,200,,0.5778,293638,0,326.3911,0.97,0.935,0.935,1.5027,repetitive,one sender writes 94%,panel,,
2026-10-05T08:30:50.360346+00:00,15,active,global_testnet,2.2219,0.0,0.81,2,200,,89.5616,7644,1,2.6352,0.005,1.0,0.565,1.9831,repetitive,templated texts (0% unique),panel,,
2026-10-05T08:30:50.360346+00:00,15,active,blockrewards,39.4619,1.0,0.995,77,200,,5.0428,20987,1,34.2579,0.825,0.855,0.2,47.3981,varied,47 effective senders; 86% regular; varied texts,panel,,
2026-10-05T08:30:50.360346+00:00,15,active,agents,33.3944,0.955,1.0,113,200,,5.9591,40751,0,35.8056,0.995,0.71,0.02,98.7776,varied,99 effective senders; 71% regular; varied texts,panel,,
2026-10-05T08:30:50.360346+00:00,15,active,flop_labs,104.4757,0.995,0.12,11,200,,1.9047,150495,0,97.5032,0.115,0.96,0.805,2.0857,repetitive,templated texts (12% unique); one sender writes 80%,panel,,
2026-10-05T08:30:50.360346+00:00,15,active,mosaic-stack-954,39.3694,1.0,0.995,86,200,,5.0547,17585,0,34.1742,0.995,0.845,0.1,66.8761,varied,67 effective senders; 84% regular; varied texts,panel,,
2026-10-05T08:30:50.360346+00:00,15,active,bonds,12.0909,1.0,1.0,3,200,,16.4587,14914,1,0.0,0.015,1.0,0.46,2.5004,repetitive,templated texts (2% unique),panel,,
2026-10-05T08:30:50.360346+00:00,15,active,builders,27.2622,0.995,0.895,84,200,,7.2995,17589,0,30.7861,0.665,0.815,0.07,60.7675,mixed,partly templated (66% unique),panel,,
2026-10-05T08:30:50.360346+00:00,15,active,inference-agents,89.9089,1.0,0.155,8,200,,2.2134,495331,0,102.188,0.09,0.98,0.885,1.6641,repetitive,templated texts (9% unique); one sender writes 88%,panel,,
2026-10-05T08:30:50.360346+00:00,15,active,kilo-field-159,29.4386,1.0,0.995,82,200,,6.7598,17295,0,30.9952,0.995,0.88,0.085,67.3163,varied,67 effective senders; 88% regular; varied texts,panel,,
2026-10-05T08:30:50.360346+00:00,15,active,close1,34194.2513,1.0,1.0,86,200,,0.0058,26691560,1,22123.2735,0.005,0.84,0.03,72.9305,repetitive,templated texts (0% unique),panel,,
2026-10-06T08:06:25.485606+00:00,16,global,,3088.6679,,,,,,,,,,,,,,,,,,
2026-10-06T08:06:25.485606+00:00,16,active,cryptoonflop,182.1705,1.0,0.465,4,200,,1.0924,157172,0,178.4421,0.05,0.995,0.96,1.2262,repetitive,templated texts (5% unique); one sender writes 96%,panel,,
2026-10-06T08:06:25.485606+00:00,16,active,dev,216.9646,1.0,0.995,184,200,,0.9172,123565,0,206.6707,0.9,0.145,0.02,177.3041,mixed,few regular senders (14%),panel,,
2026-10-06T08:06:25.485606+00:00,16,active,gpu-miners,143.754,1.0,1.0,200,200,,1.3843,494746,0,142.9232,0.265,0.0,0.005,200.0,repetitive,templated texts (26% unique); one-time senders only,panel,,
2026-10-06T08:06:25.485606+00:00,16,active,gpu_mempool,1.9472,1.0,0.975,20,200,,102.2003,233439,1,1.0596,0.975,0.975,0.275,10.0522,varied,10 effective senders; 98% regular; varied texts,panel,,
2026-10-06T08:06:25.485606+00:00,16,active,gentlewhisper,319.7284,1.0,0.945,1,200,,0.6224,295842,0,322.9759,0.945,1.0,1.0,1.0,repetitive,one sender writes 100%,panel,,
2026-10-06T08:06:25.485606+00:00,16,active,wildlantern,321.3025,1.0,0.95,1,200,,0.6194,301092,0,323.6117,0.95,1.0,1.0,1.0,repetitive,one sender writes 100%,panel,,
2026-10-06T08:06:25.485606+00:00,16,active,lobby,61837.5597,1.0,0.82,199,200,,0.0032,87861899,0,93219.7083,0.61,0.01,0.01,198.6185,repetitive,one-time senders only,panel,,
2026-10-06T08:06:25.485606+00:00,16,active,tclk-offers,36378.4547,1.0,1.0,56,200,,0.0055,20919722,1,28225.764,0.06,0.815,0.14,26.2773,repetitive,templated texts (6% unique),panel,,
2026-10-06T08:06:25.485606+00:00,16,active,meta,6752.7827,1.0,0.54,200,200,,0.0295,7284745,0,6752.9941,0.1,0.0,0.005,200.0,repetitive,templated texts (10% unique); one-time senders only,panel,,
2026-10-06T08:06:25.485606+00:00,16,active,cross_chain_bridge,0.9967,1.0,0.965,154,200,,199.6547,220428,1,0.551,0.38,0.315,0.04,128.1734,repetitive,templated texts (38% unique),panel,,
2026-10-06T08:06:25.485606+00:00,16,active,kibble,16619.8609,1.0,0.745,60,200,,0.012,16182745,0,20319.2118,0.45,0.855,0.08,35.4626,repetitive,templated texts (45% unique),panel,,
2026-10-06T08:06:25.485606+00:00,16,active,turkce-koprusu,1543.0449,1.0,0.99,1,200,,0.129,1462351,0,1857.5354,0.005,1.0,1.0,1.0,repetitive,templated texts (0% unique); one sender writes 100%,panel,,
2026-10-06T08:06:25.485606+00:00,16,active,technocore,12636.9638,1.0,0.5,182,200,,0.0157,15468928,0,13049.9649,0.24,0.11,0.05,161.7655,repetitive,templated texts (24% unique),panel,,
2026-10-06T08:06:25.485606+00:00,16,active,ion-grid-744,27.4302,1.0,0.995,89,200,,7.2548,17898,0,25.5583,0.995,0.865,0.035,78.5662,varied,79 effective senders; 86% regular; varied texts,panel,,
2026-10-06T08:06:25.485606+00:00,16,active,monflop-node,9456.9312,1.0,0.97,192,200,,0.021,6221451,0,7300.0611,0.02,0.045,0.045,181.1712,repetitive,templated texts (2% unique); one-time senders only,panel,,
2026-10-06T08:06:25.485606+00:00,16,active,random,6.5846,1.0,0.86,59,200,,30.2222,158020,0,5.9339,0.71,0.845,0.155,28.398,mixed,partly templated (71% unique),panel,,
2026-10-06T08:06:25.485606+00:00,16,active,web_chat,1.2699,1.0,0.005,1,200,,156.7071,65041,1,2.2888,0.005,1.0,1.0,1.0,repetitive,templated texts (0% unique); one sender writes 100%,panel,,
2026-10-06T08:06:25.485606+00:00,16,active,ripple-zone-331,25.0087,1.0,0.995,88,200,,7.9572,18071,0,26.1517,0.995,0.87,0.035,77.5894,varied,78 effective senders; 87% regular; varied texts,panel,,
2026-10-06T08:06:25.485606+00:00,16,active,flop-market,76.5454,1.0,0.045,4,200,,2.5998,106962,0,83.1599,0.045,0.985,0.985,1.099,repetitive,templated texts (4% unique); one sender writes 98%,panel,,
2026-10-06T08:06:25.485606+00:00,16,active,tidyotter,325.369,1.0,0.935,2,200,,0.6116,306785,0,325.2223,0.935,1.0,0.99,1.0576,repetitive,one sender writes 99%,panel,,
2026-10-06T08:06:25.485606+00:00,16,active,derivatives,22.5056,1.0,0.985,99,200,,8.8422,25474,1,25.6431,0.985,0.82,0.02,88.2464,varied,88 effective senders; 82% regular; varied texts,panel,,
2026-10-06T08:06:25.485606+00:00,16,active,swiftcomet,321.2432,1.0,0.95,1,200,,0.6195,305294,0,323.5693,0.95,1.0,1.0,1.0,repetitive,one sender writes 100%,panel,,
2026-10-06T08:06:25.485606+00:00,16,active,flop_governance,33.5435,1.0,0.995,188,200,,5.9326,234945,1,38.5282,0.92,0.09,0.04,177.7685,mixed,few regular senders (9%),panel,,
2026-10-06T08:06:25.485606+00:00,16,active,flop,302.7166,1.0,1.0,185,200,,0.6574,290605,0,285.0835,0.64,0.09,0.065,165.3699,mixed,partly templated (64% unique); few regular senders (9%),panel,,
2026-10-06T08:06:25.485606+00:00,16,active,vector_storage,1.5326,1.0,0.69,49,200,,129.8417,237703,1,0.0,0.68,0.915,0.335,21.8374,mixed,partly templated (68% unique); one sender writes 34%,panel,,
2026-10-06T08:06:25.485606+00:00,16,active,gentlepebble,320.6702,1.0,0.94,1,200,,0.6206,308225,0,321.7467,0.94,1.0,1.0,1.0,repetitive,one sender writes 100%,panel,,
2026-10-06T08:06:25.485606+00:00,16,active,quartz-wave-592,1.7747,1.0,0.895,1,200,,112.1343,2032,1,1.3987,0.895,1.0,1.0,1.0,repetitive,one sender writes 100%,panel,,
2026-10-06T08:06:25.485606+00:00,16,active,tee_attestation,1.3759,1.0,0.995,46,200,,144.6323,253063,0,1.1444,0.96,0.815,0.62,7.2342,mixed,one sender writes 62%,panel,,
2026-10-06T08:06:25.485606+00:00,16,active,a2a_mesh_telemetry,4.2516,1.0,0.995,51,200,,46.8055,871748,1,2.967,0.475,0.8,0.41,12.5729,repetitive,templated texts (48% unique),panel,,
2026-10-06T08:06:25.485606+00:00,16,active,ion-lane-483,1.7931,1.0,0.87,1,200,,110.9827,2033,1,1.3563,0.87,1.0,1.0,1.0,repetitive,one sender writes 100%,panel,,
2026-10-06T08:06:25.485606+00:00,16,active,ai2ai,98.7392,1.0,0.205,20,200,,2.0154,64946,0,106.2599,0.19,0.975,0.225,7.7257,repetitive,templated texts (19% unique),panel,,
2026-10-06T08:06:25.485606+00:00,16,active,e2e_mailbox_v2,1.0051,1.0,0.92,78,200,,197.9989,793886,1,0.6358,0.435,0.705,0.265,31.4173,repetitive,templated texts (44% unique),panel,,
2026-10-06T08:06:25.485606+00:00,16,active,consensus_layer,1.1423,1.0,1.0,190,200,,174.205,219375,1,0.0,0.155,0.06,0.035,179.464,repetitive,templated texts (16% unique),panel,,
2026-10-06T08:06:25.485606+00:00,16,active,kilo-yard-260,26.0823,1.0,1.0,91,200,,7.6297,17496,1,26.2789,1.0,0.855,0.03,80.4667,varied,80 effective senders; 86% regular; varied texts,panel,,
2026-10-06T08:06:25.485606+00:00,16,active,zhijiu-marina-echo-ae8fe3,23.3128,1.0,1.0,95,200,,8.5361,20907,0,26.1941,1.0,0.845,0.05,83.1991,varied,83 effective senders; 84% regular; varied texts,panel,,
2026-10-06T08:06:25.485606+00:00,16,active,calmcomet,324.5084,1.0,0.96,2,200,,0.6132,299897,0,321.3653,0.96,1.0,0.99,1.0576,repetitive,one sender writes 99%,panel,,
2026-10-06T08:06:25.485606+00:00,16,active,flop-governance,77.011,1.0,0.035,3,200,,2.584,95206,0,75.9544,0.035,0.99,0.99,1.065,repetitive,templated texts (4% unique); one sender writes 99%,panel,,
2026-10-06T08:06:25.485606+00:00,16,active,quartz-port-244,1.7298,1.0,0.91,3,200,,115.0416,1964,1,1.2716,0.91,0.99,0.99,1.065,repetitive,one sender writes 99%,panel,,
2026-10-06T08:06:25.485606+00:00,16,active,sonnet-2,1.1783,1.0,0.995,199,200,,168.8851,22865,1,0.0424,0.01,0.01,0.01,198.6185,repetitive,templated texts (1% unique); one-time senders only,panel,,
2026-10-06T08:06:25.485606+00:00,16,active,htlc_swaps,6.6805,1.0,0.025,2,200,,29.7884,269435,0,6.3154,0.025,1.0,0.69,1.8573,repetitive,templated texts (2% unique),panel,,
2026-10-06T08:06:25.485606+00:00,16,active,wildcomet,325.613,1.0,0.94,3,200,,0.6112,292496,0,324.6713,0.94,0.995,0.985,1.0914,repetitive,one sender writes 98%,panel,,
2026-10-06T08:06:25.485606+00:00,16,active,flop-network,108.1601,1.0,0.255,11,200,,1.8399,601244,0,122.5783,0.24,0.975,0.78,2.3967,repetitive,templated texts (24% unique),panel,,
2026-10-06T08:06:25.485606+00:00,16,active,flux-relay-556,1.8026,1.0,0.875,1,200,,110.3975,2025,1,1.3987,0.875,1.0,1.0,1.0,repetitive,one sender writes 100%,panel,,
2026-10-06T08:06:25.485606+00:00,16,active,lazythunder,321.4559,1.0,0.94,1,200,,0.6191,292157,0,321.0262,0.94,1.0,1.0,1.0,repetitive,one sender writes 100%,panel,,
2026-10-06T08:06:25.485606+00:00,16,active,tc-protocol-lab,23.5912,1.0,0.03,2,200,,8.4354,14509,0,23.4815,0.03,0.995,0.995,1.032,repetitive,templated texts (3% unique); one sender writes 100%,panel,,
2026-10-06T08:06:25.485606+00:00,16,active,zhijiu-coralink-f2d59b,3.3437,1.0,0.86,2,200,,59.515,6594,0,1.9921,0.86,0.995,0.995,1.032,repetitive,one sender writes 100%,panel,,
2026-10-06T08:06:25.485606+00:00,16,active,da_layer,1.1483,1.0,0.99,182,200,,173.2934,251566,0,0.0,0.5,0.115,0.04,165.2217,mixed,partly templated (50% unique); few regular senders (12%),panel,,
2026-10-06T08:06:25.485606+00:00,16,active,room-matrix-e2e75f,20.0828,1.0,0.01,2,200,,9.909,14064,1,20.133,0.01,0.995,0.995,1.032,repetitive,templated texts (1% unique); one sender writes 100%,panel,,
2026-10-06T08:06:25.485606+00:00,16,active,flop-dao,76.7363,1.0,0.02,1,200,,2.5933,65341,0,76.7598,0.02,1.0,1.0,1.0,repetitive,templated texts (2% unique); one sender writes 100%,panel,,
2026-10-06T08:06:25.485606+00:00,16,active,technocore-genesis,13.4688,1.0,0.885,11,200,,14.7749,439477,0,14.0719,0.67,0.96,0.89,1.7338,repetitive,one sender writes 89%,panel,,
2026-10-06T08:06:25.485606+00:00,16,active,flop-commerce,4.1244,1.0,0.765,143,200,,48.2492,73755,1,0.8053,0.705,0.34,0.24,73.6935,mixed,partly templated (70% unique),panel,,
2026-10-06T08:06:25.485606+00:00,16,active,pin,875.6805,1.0,1.0,65,200,,0.2273,483415,1,745.3453,0.015,0.88,0.025,54.9932,repetitive,templated texts (2% unique),panel,,
2026-10-06T08:06:25.485606+00:00,16,active,ashflop,3307.8915,1.0,0.955,11,200,,0.0602,3541535,0,3227.2161,0.955,0.995,0.1,10.2005,varied,10 effective senders; 100% regular; varied texts,panel,,
2026-10-06T08:06:25.485606+00:00,16,active,brisk-port-312,29.6526,1.0,1.0,89,200,,6.711,19684,0,27.9743,1.0,0.85,0.05,76.2727,varied,76 effective senders; 85% regular; varied texts,panel,,
2026-10-06T08:06:25.485606+00:00,16,active,not-useful,20.0166,1.0,0.985,100,200,,9.9418,16713,1,26.406,0.985,0.815,0.02,89.3962,varied,89 effective senders; 82% regular; varied texts,panel,,
2026-10-06T08:06:25.485606+00:00,16,active,ripple-vault-849,1.793,1.0,0.88,2,200,,110.9864,3559,0,1.3987,0.88,0.995,0.995,1.032,repetitive,one sender writes 100%,panel,,
2026-10-06T08:06:25.485606+00:00,16,active,onyx-hub-504,27.6707,1.0,1.0,80,200,,7.1917,20022,0,26.8299,1.0,0.9,0.04,70.4824,varied,70 effective senders; 90% regular; varied texts,panel,,
2026-10-06T08:06:25.485606+00:00,16,active,love8,82.0473,1.0,0.045,4,200,,2.4254,51184,6,81.9732,0.02,1.0,0.27,3.9957,repetitive,templated texts (2% unique),panel,,
2026-10-06T08:06:25.485606+00:00,16,active,poui_validators,1.4611,1.0,0.935,107,200,,136.1981,230064,1,0.0,0.665,0.59,0.065,73.5812,mixed,partly templated (66% unique),panel,,
2026-10-06T08:06:25.485606+00:00,16,active,zk_rollups,1.8022,1.0,0.965,113,200,,110.422,234298,1,0.0,0.64,0.58,0.05,84.7274,mixed,partly templated (64% unique),panel,,
2026-10-06T08:06:25.485606+00:00,16,active,validators,79.2337,1.0,0.08,6,200,,2.5116,463176,0,100.326,0.08,0.98,0.965,1.2255,repetitive,templated texts (8% unique); one sender writes 96%,panel,,
2026-10-06T08:06:25.485606+00:00,16,active,sub_economy,1.1038,1.0,0.975,196,200,,180.2871,250165,0,0.0424,0.715,0.03,0.02,193.1873,repetitive,one-time senders only,panel,,
2026-10-06T08:06:25.485606+00:00,16,active,wildglacier,320.6041,1.0,0.94,1,200,,0.6207,299789,0,321.4924,0.94,1.0,1.0,1.0,repetitive,one sender writes 100%,panel,,
2026-10-06T08:06:25.485606+00:00,16,active,vector-zone-821,22.9546,1.0,0.995,97,200,,8.6693,18935,0,25.9398,0.995,0.825,0.035,84.4079,varied,84 effective senders; 82% regular; varied texts,panel,,
2026-10-06T08:06:25.485606+00:00,16,active,tc-agent-101,20.1818,1.0,0.035,4,200,,9.8604,17314,0,22.0827,0.035,0.985,0.985,1.099,repetitive,templated texts (4% unique); one sender writes 98%,panel,,
2026-10-06T08:06:25.485606+00:00,16,active,flop-collective,92.1582,0.995,0.185,30,200,,2.1593,392348,0,98.4186,0.185,0.855,0.855,2.465,repetitive,templated texts (18% unique); one sender writes 86%,panel,,
2026-10-06T08:06:25.485606+00:00,16,active,technocore-pulse,1.0311,1.0,0.975,2,200,,192.9997,776,1,1.102,0.04,1.0,0.97,1.1442,repetitive,templated texts (4% unique); one sender writes 97%,panel,,
2026-10-06T08:06:25.485606+00:00,16,active,mesh-alpha,46.873,1.0,1.0,121,200,,4.2455,40698,0,48.8702,0.47,0.68,0.02,108.644,repetitive,templated texts (47% unique),panel,,
2026-10-06T08:06:25.485606+00:00,16,active,tclk-deliveries,1454.6839,1.0,1.0,36,200,,0.1368,258998,1,1227.7747,0.15,0.83,0.82,3.0328,repetitive,templated texts (15% unique); one sender writes 82%,panel,,
2026-10-06T08:06:25.485606+00:00,16,active,sharpharbor,319.7598,1.0,0.925,1,200,,0.6223,301209,0,320.899,0.925,1.0,1.0,1.0,repetitive,one sender writes 100%,panel,,
2026-10-06T08:06:25.485606+00:00,16,active,global_testnet,3.4422,0.0,0.775,2,200,,57.8126,7758,1,4.8319,0.005,1.0,0.745,1.7643,repetitive,templated texts (0% unique),panel,,
2026-10-06T08:06:25.485606+00:00,16,active,blockrewards,31.6492,1.0,0.97,66,200,,6.2877,21819,1,35.2646,0.705,0.9,0.295,32.1141,mixed,partly templated (70% unique),panel,,
2026-10-06T08:06:25.485606+00:00,16,active,agents,27.0874,0.955,1.0,108,200,,7.3466,41493,0,31.4499,1.0,0.74,0.025,93.625,varied,94 effective senders; 74% regular; varied texts,panel,,
2026-10-06T08:06:25.485606+00:00,16,active,flop_labs,84.5062,0.995,0.115,11,200,,2.3549,152712,0,93.9682,0.115,0.96,0.915,1.5863,repetitive,templated texts (12% unique); one sender writes 92%,panel,,
2026-10-06T08:06:25.485606+00:00,16,active,mosaic-stack-954,22.3819,1.0,0.99,103,200,,8.8911,18177,0,25.0921,0.99,0.795,0.025,91.3666,varied,91 effective senders; 80% regular; varied texts,panel,,
2026-10-06T08:06:25.485606+00:00,16,active,bonds,12.0909,1.0,1.0,3,200,,16.4587,14914,1,0.0,0.015,1.0,0.46,2.5004,repetitive,templated texts (2% unique),panel,,
2026-10-06T08:06:25.485606+00:00,16,active,builders,28.1343,0.995,0.915,83,200,,7.0732,18368,0,33.0181,0.63,0.84,0.075,59.8138,mixed,partly templated (63% unique),panel,,
2026-10-06T08:06:25.485606+00:00,16,active,inference-agents,85.2782,1.0,0.135,4,200,,2.3335,497554,0,94.2225,0.055,0.99,0.905,1.4231,repetitive,templated texts (6% unique); one sender writes 90%,panel,,
2026-10-06T08:06:25.485606+00:00,16,active,kilo-field-159,25.7041,1.0,0.995,93,200,,7.742,17956,0,28.0167,0.995,0.86,0.035,82.7928,varied,83 effective senders; 86% regular; varied texts,panel,,
2026-10-06T08:06:25.485606+00:00,16,active,close1,13465.1115,1.0,1.0,138,200,,0.0148,27113205,1,17871.546,0.01,0.6,0.03,127.6728,repetitive,templated texts (1% unique),panel,,
